player_name,n_pitch_types,velocity_range,max_velo,min_velo,raw_velocity_index,velocity_score,confidence_score,trusted_velocity_score
"Ohtani, Shohei",7,19.972400000000007,98.3418,78.3694,2.197648641217355,100.0,100.0,100.0
"Darvish, Yu",7,22.8035,93.8874,71.0839,1.9756498988999054,99.58448753462605,100.0,99.58448753462605
"Dollander, Chase",5,18.7487,97.9516,79.2029,1.9420601290233985,99.44598337950139,100.0,99.44598337950139
"Fried, Max",6,20.64110000000001,95.9,75.2589,1.9342331244701403,99.30747922437672,100.0,99.30747922437672
"Pérez, Eury",5,18.02340000000001,97.8935,79.8701,1.8168614679504036,99.03047091412742,100.0,99.03047091412742
"Rocker, Kumar",6,18.304199999999994,95.8211,77.5169,1.5472874312187819,98.75346260387812,100.0,98.75346260387812
"deGrom, Jacob",4,16.608199999999997,97.4999,80.8917,1.5300296482432223,98.61495844875347,100.0,98.61495844875347
"Yamamoto, Yoshinobu",5,18.4508,95.4432,76.9924,1.5134377100982004,98.47645429362882,100.0,98.47645429362882
"Duran, Jhoan",4,13.265199999999993,100.5667,87.3015,1.4592273968520297,98.19944598337949,100.0,98.19944598337949
"Sheehan, Emmet",4,17.730000000000004,95.6927,77.9627,1.4356606341818703,97.78393351800554,100.0,97.78393351800554
"Cecconi, Slade",5,18.851,94.3678,75.5168,1.414385581005631,97.64542936288089,100.0,97.64542936288089
"Oviedo, Johan",4,17.751900000000006,95.4919,77.74,1.4086893335652342,97.50692520775624,100.0,97.50692520775624
"Boyd, Matthew",4,19.753699999999995,93.2846,73.5309,1.3947778753240685,97.36842105263158,100.0,97.36842105263158
"Schwellenbach, Spencer",6,16.0488,97.0894,81.0406,1.377949432186375,97.22991689750693,100.0,97.22991689750693
"Cleavinger, Garrett",4,15.927800000000005,97.12,81.1922,1.3631800460795311,97.09141274238226,100.0,97.09141274238226
"Burrows, Mike",5,17.2427,95.7126,78.4699,1.3604921364285694,96.95290858725761,100.0,96.95290858725761
"Schlittler, Cam",4,14.800899999999999,98.0543,83.2534,1.3242078965314856,96.81440443213296,100.0,96.81440443213296
"Ashby, Aaron",4,15.200099999999992,97.5646,82.3645,1.3139157264673436,96.67590027700831,100.0,96.67590027700831
"Hernández, Carlos",4,15.045600000000007,97.7091,82.6635,1.31106328865711,96.53739612188366,100.0,96.53739612188366
"Leiter, Jack",5,15.367999999999995,97.2991,81.9311,1.3005481562915833,96.26038781163435,100.0,96.26038781163435
"Stanek, Ryne",4,14.107200000000006,98.5501,84.4429,1.2881721802353987,95.98337950138504,100.0,95.98337950138504
"Eovaldi, Nathan",5,18.280900000000003,94.1157,75.8348,1.2846366335371615,95.84487534626038,100.0,95.84487534626038
"Morgan, David",4,14.689399999999992,97.8684,83.179,1.2780940094501148,95.70637119113573,100.0,95.70637119113573
"Dobbins, Hunter",5,16.877300000000005,95.5353,78.658,1.2749443815324766,95.56786703601108,100.0,95.56786703601108
"Hicks, Jordan",5,14.964500000000001,97.5049,82.5404,1.2670489435279202,95.42936288088643,100.0,95.42936288088643
"Flexen, Chris",4,19.583399999999997,92.426,72.8426,1.2371005664403425,95.29085872576178,100.0,95.29085872576178
"Bassitt, Chris",5,20.3069,91.6103,71.3034,1.229350928096713,95.15235457063712,100.0,95.15235457063712
"Richardson, Lyon",4,16.459699999999998,95.6659,79.2062,1.2277659618888177,95.01385041551247,100.0,95.01385041551247
"Morales, Luis",4,14.935200000000009,97.2343,82.2991,1.2212653802541944,94.87534626038781,100.0,94.87534626038781
"Chapman, Aroldis",4,12.745500000000007,99.4103,86.6648,1.2002754174759505,94.45983379501385,100.0,94.45983379501385
"Pallante, Andre",4,16.778499999999994,94.9722,78.1937,1.1736021289686684,93.90581717451524,100.0,93.90581717451524
"Skenes, Paul",6,13.735500000000002,98.1877,84.4522,1.173511854144653,93.76731301939058,100.0,93.76731301939058
"Adam, Jason",4,17.076800000000006,94.5931,77.5163,1.1639112407830712,93.35180055401662,100.0,93.35180055401662
"McLean, Nolan",6,15.825000000000003,95.7959,79.9709,1.1456616813561955,93.21329639889197,100.0,93.21329639889197
"Young, Brandon",5,17.637299999999996,93.7535,76.1162,1.1263789705785425,93.07479224376732,100.0,93.07479224376732
"Casparius, Ben",4,15.365099999999998,96.1473,80.7822,1.1252176622431256,92.93628808864266,100.0,92.93628808864266
"Misiorowski, Jacob",4,12.156800000000004,99.453,87.2962,1.1122982620773842,92.797783933518,100.0,92.797783933518
"Francis, Bowden",4,18.7324,92.4693,73.7369,1.10712716930338,92.65927977839335,100.0,92.65927977839335
"Jobe, Jackson",5,14.902899999999988,96.4754,81.5725,1.1008672130254937,92.5207756232687,100.0,92.5207756232687
"Nelson, Ryne",4,15.647599999999997,95.6755,80.0279,1.0989179604967478,92.24376731301939,100.0,92.24376731301939
"Wacha, Michael",6,18.027900000000002,93.1541,75.1262,1.0980523388422831,92.10526315789474,100.0,92.10526315789474
"Cabrera, Génesis",5,15.5565,95.6896,80.1331,1.0864411631464161,91.96675900277008,100.0,91.96675900277008
"Burnes, Corbin",5,15.5809,95.6144,80.0335,1.0789394718090919,91.82825484764543,100.0,91.82825484764543
"Bowlan, Jonathan",5,15.104500000000002,96.1016,80.9971,1.0764649721884691,91.55124653739612,100.0,91.55124653739612
"Williams, Gavin",5,14.585000000000008,96.5892,82.0042,1.067135591876582,91.41274238227147,100.0,91.41274238227147
"Englert, Mason",5,17.041600000000003,93.9203,76.8787,1.0561193738765067,91.13573407202216,100.0,91.13573407202216
"Wheeler, Zack",6,14.929999999999993,96.0744,81.1444,1.0443361055675524,90.85872576177285,100.0,90.85872576177285
"Keller, Mitch",6,16.669799999999995,94.0941,77.4243,1.0228483735983087,90.58171745152355,100.0,90.58171745152355
"Wrobleski, Justin",5,14.73729999999999,96.1184,81.3811,1.0200964747933918,90.4432132963989,100.0,90.4432132963989
"Zeferjahn, Ryan",4,13.480800000000002,97.367,83.8862,1.008046089313379,90.30470914127424,100.0,90.30470914127424
"Birdsong, Hayden",4,15.201800000000006,95.5108,80.309,1.0023825476405746,90.02770083102493,100.0,90.02770083102493
"Scherzer, Max",4,16.849000000000004,93.6923,76.8433,0.9906010086725514,89.88919667590028,100.0,89.88919667590028
"Buehler, Walker",7,16.55510000000001,93.9877,77.4326,0.9882906446649782,89.61218836565097,100.0,89.61218836565097
"Liberatore, Matthew",6,16.53880000000001,93.9851,77.4463,0.9852804994796814,89.47368421052632,100.0,89.47368421052632
"Bradley, Taj",5,14.416299999999993,96.2136,81.7973,0.9830436090866398,89.33518005540166,100.0,89.33518005540166
"Bivens, Spencer",6,15.346100000000007,95.2099,79.8638,0.979853846512669,89.05817174515236,100.0,89.05817174515236
"Megill, Tylor",5,15.0347,95.4335,80.3988,0.9638349135470164,88.9196675900277,100.0,88.9196675900277
"Ragans, Cole",4,15.174099999999996,95.2618,80.0877,0.9601350036324632,88.64265927977839,100.0,88.64265927977839
"Kelly, Zack",5,14.313100000000006,96.1222,81.8091,0.9526083977262634,88.36565096952909,100.0,88.36565096952909
"Soriano, José",5,12.644299999999987,97.8808,85.2365,0.9518301490663548,88.22714681440443,100.0,88.22714681440443
"Glasnow, Tyler",4,14.187400000000011,96.1487,81.9613,0.9364624152786181,87.67313019390582,100.0,87.67313019390582
"Latz, Jacob",4,15.962400000000002,94.2366,78.2742,0.9309767563097539,87.53462603878116,100.0,87.53462603878116
"Detmers, Reid",3,22.247,95.837,73.59,2.18234312756442,99.86149584487535,75.0,87.4134349030471
"Helsley, Ryan",3,18.570300000000003,99.3142,80.7439,2.1203035952307783,99.7229916897507,75.0,87.30955678670361
"Abel, Mick",5,13.779899999999998,96.4416,82.6617,0.9155448214368465,87.25761772853186,100.0,87.25761772853186
"Peralta, Freddy",4,15.323799999999991,94.7593,79.4355,0.907866039991706,86.98060941828255,100.0,86.98060941828255
"Bednar, David",3,19.393500000000003,97.0677,77.6742,1.9113286273909225,99.16897506925207,75.0,86.89404432132964
"Alcantara, Sandy",5,12.473199999999991,97.7362,85.263,0.9024232735256701,86.8421052631579,100.0,86.8421052631579
"Ogasawara, Shinnosuke",4,18.755199999999988,91.0893,72.3341,0.9012752616438502,86.70360110803324,100.0,86.70360110803324
"Erceg, Lucas",4,12.571299999999994,97.5713,85.0,0.8931289437089223,86.28808864265928,100.0,86.28808864265928
"Smith-Shawver, AJ",3,18.291700000000006,95.5973,77.3056,1.5113046423426997,98.33795013850416,75.0,86.2707756232687
"Koenig, Jared",4,14.173100000000005,95.8632,81.6901,0.8908235724890637,86.14958448753463,100.0,86.14958448753463
"Leiter Jr., Mark",3,19.68929999999999,93.7464,74.0571,1.4545546110438605,98.06094182825484,75.0,86.06301939058172
"Harris, Hogan",3,19.9028,93.4501,73.5473,1.4438277599995073,97.92243767313019,75.0,85.95914127423823
"Crochet, Garrett",4,13.650099999999995,96.4084,82.7583,0.8896773767803455,85.87257617728532,100.0,85.87257617728532
"Soto, Gregory",4,12.9024,97.1639,84.2615,0.8844044989150801,85.73407202216067,100.0,85.73407202216067
"Mikolas, Miles",5,16.833600000000004,92.9748,76.1412,0.8791998384996734,85.45706371191135,100.0,85.45706371191135
"Thielbar, Caleb",4,16.809399999999997,92.9335,76.1241,0.8690467022193686,85.0415512465374,100.0,85.0415512465374
"Trivino III, Lou",5,14.699300000000008,95.1581,80.4588,0.8682073589249397,84.90304709141274,100.0,84.90304709141274
"Strider, Spencer",3,17.0783,95.5038,78.4255,1.302413526432674,96.39889196675901,75.0,84.81648199445983
"Cabrera, Edward",5,12.946699999999993,96.964,84.0173,0.8611640262990862,84.62603878116343,100.0,84.62603878116343
"O'Brien, Riley",3,14.656099999999995,98.0238,83.3677,1.2963435390559515,96.1218836565097,75.0,84.60872576177286
"Snell, Blake",4,14.4525,95.3417,80.8892,0.8564810539213985,84.48753462603878,100.0,84.48753462603878
"Shugart, Chase",4,14.414000000000001,95.3562,80.9422,0.8525049145144256,84.34903047091413,100.0,84.34903047091413
"Kikuchi, Yusei",4,14.908200000000008,94.8258,79.9176,0.8512769295361753,84.21052631578947,100.0,84.21052631578947
"Walker, Taijuan",6,17.3258,92.2318,74.906,0.8453742149025365,84.07202216066482,100.0,84.07202216066482
"Long, Sam",5,16.412599999999998,93.1729,76.7603,0.8417236574881294,83.93351800554017,100.0,83.93351800554017
"Senzatela, Antonio",4,14.623999999999995,95.0175,80.3935,0.8347793436891551,83.79501385041551,100.0,83.79501385041551
"Matthews, Zebby",5,13.408000000000001,96.2465,82.8385,0.8262517303908441,83.65650969529086,100.0,83.65650969529086
"Kranick, Max",3,16.465599999999995,95.5799,79.1143,1.215656208318549,94.73684210526315,75.0,83.56994459833795
"Brown, Hunter",5,13.064899999999994,96.5777,83.5128,0.8214821046540917,83.5180055401662,100.0,83.5180055401662
"Estrada, Jeremiah",3,14.247699999999995,97.8663,83.6186,1.2069022384140193,94.5983379501385,75.0,83.46606648199446
"Taylor, Grant",3,13.432199999999995,98.6678,85.2356,1.1977341910123762,94.3213296398892,75.0,83.25831024930748
"Cease, Dylan",3,14.851199999999992,97.1462,82.295,1.1944119067623598,94.18282548476455,75.0,83.154432132964
"Ashcraft, Braxton",4,12.632999999999996,96.9593,84.3263,0.8101157592415014,83.10249307479224,100.0,83.10249307479224
"Murphy, Chris",3,17.51899999999999,94.3162,76.7972,1.192825726062145,94.04432132963989,75.0,83.0505540166205
"Javier, Cristian",5,16.4927,92.8711,76.3784,0.8087571114846867,82.96398891966759,100.0,82.96398891966759
"Strowd, Kade",5,13.242999999999995,96.271,83.028,0.8034962303535228,82.82548476454294,100.0,82.82548476454294
"Holderman, Colin",3,14.477899999999991,97.3967,82.9188,1.1725447447230166,93.62880886426593,75.0,82.73891966759004
"Verlander, Justin",5,15.4512,93.9213,78.4701,0.8010836417760742,82.68698060941828,100.0,82.68698060941828
"Martinez, Justin",3,11.999399999999994,99.9831,87.9837,1.1675219282196128,93.49030470914127,75.0,82.63504155124654
"Allard, Kolby",5,18.530900000000003,90.5907,72.0598,0.789588241288186,82.54847645429363,100.0,82.54847645429363
"Senga, Kodai",5,14.633799999999994,94.6784,80.0446,0.7848699644244904,82.40997229916897,100.0,82.40997229916897
"Paddack, Chris",5,15.509699999999995,93.6719,78.1622,0.772606586768031,82.27146814404432,100.0,82.27146814404432
"Alcala, Jorge",4,11.971800000000002,97.3572,85.3854,0.7644317444010998,81.99445983379502,100.0,81.99445983379502
"Nicolas, Kyle",3,13.817599999999999,97.61,83.7924,1.0989793438438373,92.38227146814404,75.0,81.80401662049861
"Gilbert, Logan",4,13.809000000000012,95.4107,81.6017,0.7637038081618748,81.7174515235457,100.0,81.7174515235457
"Burke, Sean",4,14.714299999999994,94.4429,79.7286,0.76203320300736,81.57894736842105,100.0,81.57894736842105
"Olson, Reese",5,14.737400000000008,94.4171,79.6797,0.7618227810018686,81.4404432132964,100.0,81.4404432132964
"Smith, Shane",5,13.546999999999997,95.6563,82.1093,0.7589513686492309,81.30193905817174,100.0,81.30193905817174
"Sasaki, Roki",3,14.65679999999999,96.5846,81.9278,1.077957889624607,91.68975069252078,75.0,81.28462603878117
"Hill, Jaden",4,12.308300000000003,96.95,84.6417,0.7566041201414884,81.16343490304709,100.0,81.16343490304709
"Domínguez, Seranthony",4,11.455399999999997,97.832,86.3766,0.7536564906704423,81.02493074792244,100.0,81.02493074792244
"Waldrep, Hurston",5,13.260199999999998,95.9204,82.6602,0.7530282987084742,80.88642659279779,100.0,80.88642659279779
"García, Luis",3,14.099199999999996,96.9778,82.8786,1.0481834580111429,90.99722991689751,75.0,80.76523545706372
"Bibee, Tanner",6,14.680700000000002,94.3733,79.6926,0.7460753112642582,80.60941828254848,100.0,80.60941828254848
"González, Wikelman",3,15.736199999999997,95.1083,79.3721,1.0270225073258035,90.7202216066482,75.0,80.55747922437673
"Muñoz, Andrés",3,12.552099999999996,98.3454,85.7933,1.0075713305222531,90.1662049861496,75.0,80.14196675900278
"Gore, MacKenzie",4,13.692099999999996,95.256,81.5639,0.721460218522872,79.91689750692521,100.0,79.91689750692521
"Sale, Chris",3,15.760799999999989,94.8346,79.0738,0.9894168267758993,89.75069252077562,75.0,79.8303324099723
"Suarez, Ranger",5,17.355999999999995,91.3694,74.0134,0.7192912109588186,79.6398891966759,100.0,79.6398891966759
"Roupp, Landen",4,16.037499999999994,92.756,76.7185,0.7182436466809119,79.50138504155125,100.0,79.50138504155125
"Gaddis, Hunter",3,15.862899999999996,94.6759,78.813,0.981705594827607,89.19667590027701,75.0,79.41481994459835
"Melton, Troy",5,11.732200000000006,97.2633,85.5311,0.711730930365676,79.3628808864266,100.0,79.3628808864266
"Montero, Keider",5,14.815399999999997,93.9837,79.1683,0.7085398934357305,79.22437673130193,100.0,79.22437673130193
"Baz, Shane",4,11.982500000000002,96.9581,84.9756,0.705557631960228,79.08587257617728,100.0,79.08587257617728
"Arrighetti, Spencer",6,15.597099999999998,93.1352,77.5381,0.7051490684952416,78.94736842105263,100.0,78.94736842105263
"Ort, Kaleb",4,12.492899999999992,96.4049,83.912,0.7034675429587971,78.80886426592798,100.0,78.80886426592798
"Houser, Adrian",5,13.557699999999997,95.2518,81.6941,0.6992574333716194,78.67036011080333,100.0,78.67036011080333
"Beck, Tristan",4,14.07050000000001,94.6726,80.6021,0.6936051411083148,78.53185595567868,100.0,78.53185595567868
"Halvorsen, Seth",3,10.58189999999999,100.0303,89.4484,0.947242896654414,87.95013850415513,75.0,78.47991689750694
"Fitts, Richard",5,12.9148,95.8667,82.9519,0.6894544766143104,78.39335180055402,100.0,78.39335180055402
"Greene, Hunter",3,11.059200000000004,99.4794,88.4202,0.9401909326366212,87.81163434903047,75.0,78.37603878116344
"Tidwell, Blade",4,12.937100000000001,95.8117,82.8746,0.6846825745693358,78.25484764542936,100.0,78.25484764542936
"Thornton, Trent",4,14.260099999999994,94.4134,80.1533,0.6846759033055231,78.1163434903047,100.0,78.1163434903047
"Barnett, Mason",3,15.866399999999999,94.3326,78.4662,0.930147709399103,87.3961218836565,75.0,78.06440443213296
"Pivetta, Nick",4,14.81880000000001,93.7964,78.9776,0.6806497333514863,77.97783933518005,100.0,77.97783933518005
"Rodríguez, Elvin",3,15.71180000000001,94.3961,78.6843,0.9149818835428436,87.1191135734072,75.0,77.85664819944598
"Kochanowicz, Jack",5,13.168999999999997,95.5205,82.3515,0.6776823717131126,77.70083102493075,100.0,77.70083102493075
"Boushley, Caleb",6,16.301699999999997,92.185,75.8833,0.6739471702158923,77.5623268698061,100.0,77.5623268698061
"Messick, Parker",5,15.68889999999999,92.8231,77.1342,0.67249610924541,77.42382271468145,100.0,77.42382271468145
"Brown, McCade",3,15.628799999999998,94.3399,78.7111,0.893131892498694,86.42659279778393,75.0,77.33725761772853
"Woods Richardson, Simeon",4,15.285200000000003,93.2007,77.9155,0.6650473172237733,77.28531855955679,100.0,77.28531855955679
"Lauer, Eric",5,16.659800000000004,91.7474,75.0876,0.6649700739253789,77.14681440443213,100.0,77.14681440443213
"Klein, Will",3,12.207999999999998,97.9339,85.7259,0.8898852459757406,86.01108033240997,75.0,77.02562326869807
"Hall, DL",5,14.207800000000006,94.1971,79.9893,0.643445650281675,76.59279778393352,100.0,76.59279778393352
"Weathers, Ryan",3,13.114500000000007,96.8828,83.7683,0.8757606604082819,85.3185595567867,75.0,76.50623268698061
"Morillo, Juan",4,9.665000000000006,98.9842,89.3192,0.6413038520075759,76.45429362880887,100.0,76.45429362880887
"Booser, Cam",3,14.406199999999998,95.5172,81.111,0.8756962319693536,85.18005540166205,75.0,76.40235457063712
"Kremer, Dean",5,15.0171,93.3229,78.3058,0.6405816325112945,76.17728531855957,100.0,76.17728531855957
"Vodnik, Victor",3,11.370400000000004,98.656,87.2856,0.8651167121166969,84.7645429362881,75.0,76.09072022160666
"Slaten, Justin",4,11.780100000000004,96.7093,84.9292,0.6353089721426132,76.0387811634349,100.0,76.0387811634349
"Sands, Cole",5,13.340999999999994,95.0227,81.6817,0.6297051029446784,75.76177285318559,100.0,75.76177285318559
"Kirby, George",4,12.066599999999994,96.3599,84.2933,0.6282337411589947,75.62326869806094,100.0,75.62326869806094
"Herget, Jimmy",5,15.195700000000002,92.9927,77.797,0.619108238155044,75.06925207756233,100.0,75.06925207756233
"Matz, Steven",3,15.006199999999993,94.5183,79.5121,0.8203171585728027,83.37950138504155,75.0,75.05193905817174
"Ramírez, Yohan",3,13.17070000000001,96.4081,83.2374,0.8127097284398294,83.2409972299169,75.0,74.94806094182826
"Miller, Mason",2,13.389300000000006,101.2313,87.842,1.5800387925794361,98.89196675900277,50.0,74.48060941828254
"Blalock, Bradley",5,13.607100000000003,94.5967,80.9896,0.6077272522399871,74.37673130193906,100.0,74.37673130193906
"López, Jorge",4,13.448400000000007,94.7346,81.2862,0.6031988979539288,74.23822714681441,100.0,74.23822714681441
"Bender, Anthony",3,12.697100000000006,96.6029,83.9058,0.7662926142577884,82.13296398891967,75.0,74.11703601108033
"Varland, Louis",5,10.137199999999993,98.2277,88.0905,0.6022195723353821,73.9612188365651,100.0,73.9612188365651
"Simpson, Josh",5,13.78649999999999,94.3444,80.5579,0.5982089253582646,73.68421052631578,100.0,73.68421052631578
"Hancock, Emerson",4,13.147400000000005,94.9486,81.8012,0.5873912336386712,73.13019390581718,100.0,73.13019390581718
"Horton, Cade",5,12.377300000000005,95.738,83.3607,0.5836708304984234,72.99168975069253,100.0,72.99168975069253
"Reynolds, Sean",3,13.166600000000003,95.9531,82.7865,0.7429741982006834,80.47091412742382,75.0,72.87049861495845
"Herrin, Tim",4,13.377099999999999,94.6755,81.2984,0.5827859545878156,72.85318559556787,100.0,72.85318559556787
"Valdez, Framber",3,14.792599999999993,94.2276,79.435,0.7419101853876625,80.33240997229917,75.0,72.76662049861497
"Mlodzinski, Carmen",6,12.060400000000001,96.0569,83.9965,0.581237750190425,72.57617728531855,100.0,72.57617728531855
"Bautista, Félix",3,11.830799999999996,97.2238,85.393,0.7215549361211492,80.05540166204986,75.0,72.55886426592798
"Avila, Luinder",3,13.150900000000007,95.8143,82.6634,0.7193825722137593,79.77839335180056,75.0,72.351108033241
"Cavalli, Cade",5,11.00330000000001,97.1504,86.1471,0.5776349478732249,72.29916897506925,100.0,72.29916897506925
"Keller, Brad",5,10.993899999999996,97.136,86.1421,0.5739404771198078,72.02216066481995,100.0,72.02216066481995
"Miller, Erik",4,10.871700000000004,97.1988,86.3271,0.563867118285648,71.60664819944598,100.0,71.60664819944598
"Gusto, Ryan",6,13.784599999999998,94.1051,80.3205,0.5615737637637456,71.46814404432132,100.0,71.46814404432132
"Rogers, Trevor",5,14.742700000000013,93.046,78.3033,0.5545141012222248,70.91412742382272,100.0,70.91412742382272
"Kelly, Michael",3,12.894499999999994,95.8219,82.9274,0.6793957479822892,77.8393351800554,75.0,70.89681440443213
"Henriquez, Ronny",4,11.303599999999989,96.6621,85.3585,0.5516863299985191,70.77562326869807,100.0,70.77562326869807
"Mey, Luis",2,12.358900000000006,98.9089,86.55,1.062121465548839,91.27423822714681,50.0,70.67174515235456
"Chandler, Bubba",3,9.843900000000005,98.8827,89.0388,0.6545996094624765,77.00831024930747,75.0,70.27354570637118
"Molina, Anthony",4,12.189599999999999,95.627,83.4374,0.5367015226747303,70.08310249307479,100.0,70.08310249307479
"Bazardo, Eduard",3,12.977900000000005,95.5387,82.5608,0.6497825375265175,76.73130193905817,75.0,70.0657894736842
"Ferrer, José A.",4,10.056399999999996,97.8575,87.8011,0.5330514024133607,69.94459833795014,100.0,69.94459833795014
"Wolfram, Grant",4,11.802099999999996,96.0076,84.2055,0.5323075579610077,69.80609418282549,100.0,69.80609418282549
"Sugano, Tomoyuki",6,14.730400000000003,92.9087,78.1783,0.5316957506282028,69.66759002770083,100.0,69.66759002770083
"Megill, Trevor",2,11.562399999999997,99.0964,87.534,0.9627851692629522,88.78116343490305,50.0,69.42520775623268
"Wentz, Joey",4,14.194400000000002,93.4328,79.2384,0.5252602587553636,69.39058171745152,100.0,69.39058171745152
"Palencia, Daniel",2,11.068300000000008,99.5908,88.5225,0.9585637141578507,88.50415512465374,50.0,69.28670360110803
"Gordon, Colton",5,15.977599999999995,91.5465,75.5689,0.5250072617007076,69.25207756232687,100.0,69.25207756232687
"Stewart, Brock",5,11.502499999999998,96.2358,84.7333,0.5188803609971153,69.11357340720221,100.0,69.11357340720221
"Phillips, Connor",2,12.342799999999997,98.184,85.8412,0.949484515987124,88.08864265927978,50.0,69.07894736842105
"Baker, Bryan",3,11.679000000000002,96.7419,85.0629,0.6240362776117355,75.20775623268699,75.0,68.92313019390582
"Newcomb, Sean",6,14.243099999999998,93.3009,79.0578,0.5130494828968527,68.83656509695291,100.0,68.83656509695291
"Alvarado, Elvis",3,9.78840000000001,98.686,88.8976,0.6158315538605952,74.79224376731301,75.0,68.61149584487534
"Severino, Luis",5,11.562899999999999,96.1037,84.5408,0.5085165442350117,68.5595567867036,100.0,68.5595567867036
"Bird, Jake",3,13.838700000000003,94.4,80.5613,0.6150258125419791,74.65373961218836,75.0,68.50761772853186
"Henry, Cole",3,13.692300000000003,94.5143,80.822,0.6088881246959453,74.51523545706371,75.0,68.40373961218836
"Mejia, Juan",2,13.466099999999997,96.6258,83.1597,0.8931591262658828,86.56509695290858,50.0,68.31717451523545
"Legumina, Casey",4,13.25160000000001,94.3019,81.0503,0.5059292636892789,68.14404432132964,100.0,68.14404432132964
"Robert, Daniel",3,12.078100000000006,96.18,84.1019,0.6027667270873703,74.09972299168976,75.0,68.0921052631579
"Vasil, Mike",6,12.936800000000005,94.6104,81.6736,0.502254220718571,68.00554016620498,100.0,68.00554016620498
"Kerkering, Orion",3,10.738100000000003,97.5678,86.8297,0.598451564255129,73.82271468144043,75.0,67.8843490304709
"Uribe, Abner",2,11.502400000000009,98.6316,87.1292,0.8825923807361182,85.59556786703601,50.0,67.83240997229916
"Early, Connelly",4,13.440600000000003,94.057,80.6164,0.49907476524391753,67.72853185595568,100.0,67.72853185595568
"Flaherty, Jack",3,15.070899999999995,92.9739,77.903,0.5962292624756506,73.54570637119113,75.0,67.67659279778393
"Fisher, Braydon",3,12.608699999999999,95.5761,82.9674,0.5962206025362423,73.40720221606648,75.0,67.57271468144044
"Pérez, Cionel",3,12.559200000000004,95.6097,83.0505,0.5933792024258703,73.26869806094183,75.0,67.46883656509695
"Ferguson, Caleb",4,13.492900000000006,93.9337,80.4408,0.48874727097941556,67.45152354570637,100.0,67.45152354570637
"Hodge, Porter",3,12.073899999999995,96.0466,83.9727,0.5818401558525248,72.71468144044321,75.0,67.053324099723
"Cruz, Fernando",4,13.384,94.0233,80.6393,0.48487671334401744,67.03601108033241,100.0,67.03601108033241
"Rea, Colin",7,13.481899999999996,93.9058,80.4239,0.4827465152154924,66.89750692520776,100.0,66.89750692520776
"Graceffo, Gordon",3,12.359799999999993,95.7362,83.3764,0.5805895946092051,72.4376731301939,75.0,66.84556786703601
"Garrett, Reed",4,10.597700000000003,96.9508,86.3531,0.4822513393432396,66.7590027700831,100.0,66.7590027700831
"Zerpa, Angel",3,11.483099999999993,96.6224,85.1393,0.5744607773322821,72.1606648199446,75.0,66.63781163434903
"García, Yimi",4,11.4692,96.0176,84.5484,0.4804102958240099,66.62049861495845,100.0,66.62049861495845
"Peguero, Joel",3,8.304199999999994,99.9369,91.6327,0.5675947602576464,71.8836565096953,75.0,66.43005540166206
"Quantrill, Cal",6,13.622,93.6555,80.0335,0.46722594691946256,66.20498614958449,100.0,66.20498614958449
"Ribalta, Orlando",4,10.975199999999987,96.4266,85.4514,0.46323953986981026,66.06648199445983,100.0,66.06648199445983
"Curvelo, Luis",3,11.726100000000002,96.2673,84.5412,0.5595403875103097,71.32963988919667,75.0,66.01454293628808
"Fairbanks, Pete",2,12.01530000000001,97.3097,85.2944,0.7642001301071265,81.85595567867036,50.0,65.96260387811634
"Lazar, Max",3,13.392599999999987,94.4938,81.1012,0.5576874860339118,71.19113573407202,75.0,65.9106648199446
"Lucchesi, Joey",3,14.951900000000009,92.7608,77.8089,0.5447824852831119,70.6371191135734,75.0,65.49515235457064
"Clase, Emmanuel",2,10.411100000000005,98.92,88.5089,0.7512725069613673,80.74792243767313,50.0,65.40858725761773
"Treinen, Blake",4,11.448700000000002,95.876,84.4273,0.4556233927583631,65.37396121883657,100.0,65.37396121883657
"Ortiz, Luis",5,10.932300000000012,96.4086,85.4763,0.4536232797617114,65.2354570637119,100.0,65.2354570637119
"Morejon, Adrian",3,10.219300000000004,97.715,87.4957,0.5375552998842261,70.22160664819944,75.0,65.18351800554017
"Davis, Noah",2,14.543400000000005,94.4118,79.8684,0.7298898799324454,80.19390581717451,50.0,65.13157894736841
"Leahy, Kyle",6,11.84790000000001,95.4257,83.5778,0.45131289302155303,65.09695290858726,100.0,65.09695290858726
"Mazur, Adam",5,12.363199999999992,94.8009,82.4377,0.4391387897319999,64.9584487534626,100.0,64.9584487534626
"Skubal, Tarik",4,9.56859999999999,97.6471,88.0785,0.4228387513889308,64.26592797783933,100.0,64.26592797783933
"Irvin, Jake",4,14.544799999999995,92.3634,77.8186,0.41912838745766434,64.12742382271468,100.0,64.12742382271468
"Morton, Charlie",5,12.773299999999992,94.2134,81.4401,0.4157476761260678,63.988919667590025,100.0,63.988919667590025
"Sabrowski, Erik",3,13.609700000000004,93.9397,80.33,0.5083993233043638,68.42105263157895,75.0,63.83310249307479
"Loáisiga, Jonathan",3,10.876199999999997,96.8256,85.9494,0.5079302983954593,68.2825484764543,75.0,63.72922437673131
"Heaney, Andrew",6,16.6378,90.1021,73.4643,0.41165219221249855,63.711911357340725,100.0,63.711911357340725
"Soroka, Michael",4,13.23190000000001,93.6966,80.4647,0.4108722339539559,63.57340720221607,100.0,63.57340720221607
"Yoho, Craig",2,15.623099999999994,92.7478,77.1247,0.650506199589458,76.86980609418282,50.0,63.46952908587257
"Pagán, Emilio",3,11.829800000000006,95.7633,83.9335,0.49966276764242523,67.86703601108033,75.0,63.417590027700825
"Weissert, Greg",5,12.7573,94.1333,81.376,0.4010196915278567,63.29639889196675,100.0,63.29639889196675
"Smith, Cade",3,11.242900000000006,96.3734,85.1305,0.49811655662764875,67.59002770083103,75.0,63.20983379501385
"Fuentes, Didier",2,12.530000000000001,95.955,83.425,0.6411170337486398,76.31578947368422,50.0,63.19252077562327
"Gómez, Yoendrys",6,13.030199999999994,93.8163,80.7861,0.3966812102561039,63.01939058171745,100.0,63.01939058171745
"Blubaugh, AJ",3,12.832399999999993,94.6176,81.7852,0.48659582114190497,67.31301939058172,75.0,63.002077562326875
"Garcia, Brandyn",2,11.6233,96.8531,85.2298,0.6319812146186183,75.90027700831024,50.0,62.98476454293628
"Rodríguez, Randy",2,11.098299999999995,97.3766,86.2783,0.6272196357602347,75.48476454293629,50.0,62.77700831024931
"Soriano, George",5,10.892799999999994,96.0496,85.1568,0.39278227253101566,62.742382271468145,100.0,62.742382271468145
"Kowar, Jackson",2,11.123500000000007,97.3395,86.216,0.625630613952577,75.34626038781164,50.0,62.70775623268698
"Guerrero, Luis",2,11.876199999999997,96.4907,84.6145,0.6175410497732908,74.93074792243767,50.0,62.5
"Canning, Griffin",4,12.754100000000008,94.0669,81.3128,0.39042545117951255,62.46537396121884,100.0,62.46537396121884
"Civale, Aaron",6,14.43610000000001,92.2882,77.8521,0.390270142387129,62.32686980609419,100.0,62.32686980609419
"Priester, Quinn",4,12.909999999999997,93.8993,80.9893,0.38999550600584715,62.18836565096952,100.0,62.18836565096952
"Mederos, Victor",3,12.722700000000003,94.5719,81.8492,0.46205578291551375,65.92797783933518,75.0,61.96329639889197
"Dubin, Shawn",5,12.548699999999997,94.2725,81.7238,0.38868200003569753,61.911357340720215,100.0,61.911357340720215
"Whitlock, Garrett",3,11.517899999999997,95.8244,84.3065,0.45889301257805426,65.65096952908587,75.0,61.75554016620498
"Martinez, Nick",6,14.088300000000004,92.64,78.5517,0.38787385069244584,61.495844875346265,100.0,61.495844875346265
"Buttó, José",5,11.65249999999999,95.2122,83.5597,0.38754663009563617,61.35734072022161,100.0,61.35734072022161
"Luzardo, Jesús",5,10.38900000000001,96.5357,86.1467,0.3857443063551837,61.21883656509696,100.0,61.21883656509696
"Doval, Camilo",3,9.141600000000011,98.2031,89.0615,0.43873587647307416,64.81994459833795,75.0,61.132271468144054
"Phillips, Tyler",5,11.387800000000013,95.4497,84.0619,0.38113122796515747,61.08033240997231,100.0,61.08033240997231
"Palmquist, Carson",3,16.519099999999995,90.3668,73.8477,0.43279269065186476,64.6814404432133,75.0,61.02839335180056
"Abreu, Bryan",2,10.8005,97.2963,86.4958,0.5672450826799286,71.74515235457064,50.0,60.90720221606648
"Borucki, Ryan",4,12.8052,93.925,81.1198,0.37708157676057574,60.803324099722985,100.0,60.803324099722985
"Walker, Ryan",2,11.994799999999998,95.9657,83.9709,0.5568660087272339,71.05263157894737,50.0,60.56094182825485
"Ryan, Joe",5,13.012,93.6594,80.6474,0.3699405222027618,60.526315789473685,100.0,60.526315789473685
"Stratton, Hunter",3,11.098700000000008,95.9825,84.8838,0.41563288872136833,63.850415512465375,75.0,60.40512465373962
"Barlow, Scott",5,14.090100000000007,92.5107,78.4206,0.3685324672323121,60.387811634349035,100.0,60.387811634349035
"Selby, Colin",2,12.335699999999989,95.5178,83.1821,0.5435653511596026,70.49861495844875,50.0,60.28393351800554
"Núñez, Eduarniel",2,9.911299999999997,98.0761,88.1648,0.5429570322738355,70.3601108033241,50.0,60.214681440443215
"Falter, Bailey",5,14.3643,92.1895,77.8252,0.3637649374103365,60.11080332409973,100.0,60.11080332409973
"Anderson, Nick",3,11.764200000000002,95.2276,83.4634,0.40780746119197414,63.43490304709142,75.0,60.09349030470915
"Murdock, Noah",3,12.323799999999991,94.5641,82.2403,0.39686611515357617,63.1578947368421,75.0,59.88573407202216
"Agnos, Zach",4,10.833799999999997,95.8245,84.9907,0.3491409637619926,59.83379501385041,100.0,59.83379501385041
"Taylor, Troy",2,11.4448,96.3781,84.9333,0.5312259603691305,69.52908587257618,50.0,59.79916897506925
"Brogdon, Connor",3,11.4525,95.4639,84.0114,0.3936684935983544,62.880886426592795,75.0,59.677977839335185
"Hader, Josh",2,12.180400000000006,95.5092,83.3288,0.5173410537780074,68.97506925207756,50.0,59.52216066481994
"Cruz, Steven",3,8.855000000000004,98.2012,89.3462,0.3924610318604806,62.603878116343495,75.0,59.47022160664821
"Seymour, Carson",4,9.868099999999998,96.8154,86.9473,0.3446271098999545,59.418282548476455,100.0,59.418282548476455
"Peralta, Luis",2,13.004199999999997,94.5873,81.5831,0.5095618643792389,68.69806094182826,50.0,59.38365650969529
"Miller, Shelby",3,11.7076,95.1669,83.4593,0.3895102951083709,62.04986149584487,75.0,59.05470914127423
"Woo, Bryan",5,10.797399999999996,95.7328,84.9354,0.3293785972923571,59.0027700831025,100.0,59.0027700831025
"Montas, Frankie",6,10.907800000000009,95.6157,84.7079,0.3293148136458747,58.86426592797784,100.0,58.86426592797784
"McGreevy, Michael",6,13.393,92.9823,79.5893,0.3282771832481289,58.72576177285319,100.0,58.72576177285319
"Montgomery, Mason",2,8.961399999999998,98.7076,89.7462,0.4864146022521255,67.17451523545706,50.0,58.621883656509695
"Warren, Will",5,13.073400000000007,93.2749,80.2015,0.3214180337243864,58.587257617728525,100.0,58.587257617728525
"Miller, Bryce",5,11.462799999999987,94.9737,83.5109,0.3208994842839151,58.310249307479225,100.0,58.310249307479225
"Puk, A.J.",2,11.007400000000004,96.4495,85.4421,0.4718828453367259,66.4819944598338,50.0,58.27562326869806
"Speier, Gabe",3,11.7573,95.0365,83.2792,0.3776877027647832,60.94182825484764,75.0,58.223684210526315
"Rogers, Taylor",2,14.535499999999999,92.7178,78.1823,0.47144082556767375,66.34349030470914,50.0,58.20637119113573
"Anderson, Grant",3,13.229400000000012,93.4334,80.204,0.37051232424214375,60.664819944598335,75.0,58.01592797783934
"McGee, Easton",2,13.717600000000004,93.5085,79.7909,0.46024804061456565,65.78947368421053,50.0,57.92936288088643
"Cantillo, Joey",4,14.460999999999999,91.7384,77.2774,0.31079536031751265,57.89473684210527,100.0,57.89473684210527
"Merryweather, Julian",2,11.384900000000002,95.9556,84.5707,0.45747116289167844,65.51246537396122,50.0,57.79085872576177
"Blanco, Ronel",4,13.043700000000001,93.2046,80.1609,0.3059796429523172,57.75623268698061,100.0,57.75623268698061
"Brash, Matt",3,10.346900000000005,96.4585,86.1116,0.3672687228110268,60.24930747922438,75.0,57.70429362880887
"Kinley, Tyler",3,11.51870000000001,95.1068,83.5881,0.3500760306771897,59.97229916897508,75.0,57.496537396121894
"López, Pablo",5,11.821600000000004,94.4764,82.6548,0.3029711095405175,57.340720221606645,100.0,57.340720221606645
"Harrison, Kyle",2,12.423599999999993,94.6441,82.2205,0.4250250425870256,64.54293628808865,50.0,57.30609418282549
"Dreyer, Jack",3,13.788499999999999,92.6944,78.9059,0.34802841291918013,59.695290858725755,75.0,57.288781163434905
"Lawrence, Justin",2,12.060400000000001,95.0145,82.9541,0.42298157889071963,64.40443213296399,50.0,57.23684210526316
"Suarez, Robert",3,8.151800000000009,98.6354,90.4836,0.34554894044677587,59.556786703601105,75.0,57.18490304709141
"Winn, Cole",5,10.147599999999997,96.2047,86.0571,0.296758378116603,56.92520775623269,100.0,56.92520775623269
"Jax, Griffin",4,9.240300000000005,97.016,87.7757,0.2743483930117013,56.371191135734065,100.0,56.371191135734065
"Svanson, Matt",3,9.693600000000004,96.846,87.1524,0.32127338401304345,58.448753462603875,75.0,56.353878116343495
"Burgos, Juan",3,10.644999999999996,95.8236,85.1786,0.3187104322211027,58.17174515235457,75.0,56.146121883656505
"Gallen, Zac",4,12.487899999999996,93.5497,81.0618,0.26919153423859393,56.094182825484765,100.0,56.094182825484765
"Devenski, Chris",3,13.826799999999992,92.425,78.5982,0.31327378706128545,58.03324099722992,75.0,56.042243767313025
"Hoglund, Gunnar",4,12.381400000000014,93.6235,81.2421,0.2633073275884985,55.95567867036011,100.0,55.95567867036011
"Hernández, Daysbel",2,9.340500000000006,97.6606,88.3201,0.38828853457736,61.772853185595565,50.0,55.921052631578945
"Sproat, Brandon",2,11.212100000000007,95.6812,84.4691,0.38808540204687836,61.634349030470915,50.0,55.85180055401662
"Eflin, Zach",6,13.94420000000001,91.9685,78.0243,0.26280580457933955,55.81717451523546,100.0,55.81717451523546
"Santillan, Tony",3,10.15209999999999,96.2567,86.1046,0.30537501566754566,57.61772853185596,75.0,55.730609418282555
"Knack, Landon",4,12.908200000000008,93.0443,80.1361,0.25990140461343286,55.67867036011081,100.0,55.67867036011081
"Ray, Robbie",4,12.383300000000006,93.5814,81.1981,0.25722061024620085,55.54016620498615,100.0,55.54016620498615
"Rolison, Ryan",3,13.351799999999997,92.8571,79.5053,0.30265869505385723,57.202216066481995,75.0,55.418975069252085
"Kershaw, Clayton",4,16.6811,89.0303,72.3492,0.2558802403225068,55.4016620498615,100.0,55.4016620498615
"Cannon, Jonathan",5,12.1725,93.7628,81.5903,0.25093668151597426,55.26315789473685,100.0,55.26315789473685
"Brzykcy, Zach",3,11.573900000000009,94.6971,83.1232,0.29673288160923117,56.78670360110804,75.0,55.107340720221615
"Iglesias, Raisel",4,11.122699999999995,94.868,83.7453,0.2502814831405775,54.986149584487535,100.0,54.986149584487535
"Mize, Casey",5,11.173199999999994,94.8052,83.632,0.24885022211995916,54.84764542936288,100.0,54.84764542936288
"Peterson, David",5,13.569500000000005,92.2579,78.6884,0.24661976641658054,54.70914127423823,100.0,54.70914127423823
"Payamps, Joel",3,11.273300000000006,94.86,83.5867,0.273231446133369,56.232686980609415,75.0,54.69182825484765
"Zuber, Tyler",2,11.843000000000004,94.6632,82.8202,0.3347646428420164,59.2797783933518,50.0,54.674515235457065
"Bachman, Sam",2,9.404700000000005,97.2123,87.8076,0.33052926495958546,59.14127423822715,50.0,54.60526315789474
"Rutledge, Jackson",5,10.37469999999999,95.6128,85.2381,0.2433360050214653,54.57063711911358,100.0,54.57063711911358
"De los Santos, Yerry",4,10.444000000000003,95.5297,85.0857,0.24183937045509143,54.43213296398892,100.0,54.43213296398892
"Lodolo, Nick",4,11.960799999999992,93.8838,81.923,0.23533847308351563,54.016620498614955,100.0,54.016620498614955
"Boyle, Joe",3,7.673500000000004,98.5168,90.8433,0.25079759966395876,55.124653739612185,75.0,53.86080332409972
"Horn, Bailey",2,10.8493,95.5055,84.6562,0.3031977404887426,57.479224376731295,50.0,53.77423822714681
"Burns, Chase",2,7.799599999999998,98.6886,90.889,0.29711348048490754,57.06371191135734,50.0,53.566481994459835
"Ferguson, Tyler",4,11.094399999999993,94.7524,83.658,0.2281903266113428,53.46260387811634,100.0,53.46260387811634
"Johnson, Seth",2,9.229299999999995,97.1745,87.9452,0.2966467070197118,56.64819944598338,50.0,53.35872576177285
"Headrick, Brent",2,12.123800000000003,94.0346,81.9108,0.2843869416078201,56.50969529085873,50.0,53.28947368421053
"Manaea, Sean",3,14.034199999999998,91.7199,77.6857,0.23950453570491206,54.29362880886427,75.0,53.23753462603878
"Johnson, Ryan",3,11.581900000000005,94.2983,82.7164,0.23747108651877794,54.15512465373962,75.0,53.1336565096953
"Vásquez, Randy",6,12.2517,93.4832,81.2315,0.22119610883155383,53.04709141274239,100.0,53.04709141274239
"Banda, Anthony",3,10.036100000000005,95.9071,85.871,0.23368630383821112,53.8781163434903,75.0,52.92590027700831
"Feltner, Ryan",5,12.1186,93.592,81.4734,0.21635746706822567,52.90858725761773,100.0,52.90858725761773
"Kelly, Kevin",4,13.4653,92.142,78.6767,0.21230453353293735,52.77008310249307,100.0,52.77008310249307
"Lorenzen, Michael",7,11.76039999999999,93.9313,82.1709,0.21039470585426537,52.63157894736842,100.0,52.63157894736842
"Povich, Cade",5,13.35759999999999,92.2276,78.87,0.20801924566116675,52.49307479224377,100.0,52.49307479224377
"Faucher, Calvin",5,9.826999999999998,95.9566,86.1296,0.20765021663894798,52.35457063711911,100.0,52.35457063711911
"Garcia, Rico",4,10.2513,95.5074,85.2561,0.2075341370742825,52.21606648199446,100.0,52.21606648199446
"Nola, Aaron",5,13.637799999999999,91.9064,78.2686,0.2042144455341564,52.07756232686981,100.0,52.07756232686981
"Santos, Gregory",2,8.760400000000004,97.2431,88.4827,0.2318241677660105,53.73961218836565,50.0,51.90443213296399
"Bigge, Hunter",2,8.435900000000004,97.5676,89.1317,0.22902181648990463,53.601108033241,50.0,51.835180055401665
"Bradish, Kyle",4,10.8403,94.8292,83.9889,0.1990784265967327,51.8005540166205,100.0,51.8005540166205
"Wicks, Jordan",2,11.424000000000007,94.3919,82.9679,0.2263455125498987,53.32409972299169,50.0,51.69667590027701
"Ruiz, José",2,10.186300000000003,95.6678,85.4815,0.22145634001094647,53.18559556786704,50.0,51.62742382271468
"Hoffman, Jeff",4,9.335300000000004,96.3981,87.0628,0.1957826259926495,51.38504155124654,100.0,51.38504155124654
"Wilson, Steven",3,11.7543,93.8508,82.0965,0.19719449763520364,51.66204986149584,75.0,51.263850415512465
"Lynch IV, Daniel",5,11.5244,94.0777,82.5533,0.19475364587077676,51.24653739612188,100.0,51.24653739612188
"Rodríguez, Yariel",4,9.990499999999997,95.6876,85.6971,0.1930452780334412,51.10803324099723,100.0,51.10803324099723
"Granillo, Andre",2,11.082700000000003,94.5784,83.4957,0.1998964900778635,51.93905817174516,50.0,51.00415512465374
"Perkins, Jack",4,9.690300000000008,95.9745,86.2842,0.18843358597351256,50.83102493074792,100.0,50.83102493074792
"Petersen, Michael",2,8.288499999999999,97.5055,89.217,0.1959427943611833,51.52354570637119,50.0,50.79639889196676
"Holmes, Clay",6,11.800200000000004,93.7382,81.938,0.18746455546517407,50.69252077562327,100.0,50.69252077562327
"Bachar, Lake",4,10.797600000000003,94.7659,83.9683,0.18261685479246992,50.55401662049861,100.0,50.55401662049861
"Moreta, Dauri",2,11.035800000000009,94.5562,83.5204,0.1890007701889877,50.96952908587258,50.0,50.51939058171745
"Kolek, Stephen",6,11.491600000000005,94.0215,82.5299,0.1809584932744709,50.41551246537396,100.0,50.41551246537396
"May, Dustin",4,10.18950000000001,95.3867,85.1972,0.1792934626245969,50.27700831024931,100.0,50.27700831024931
"Gausman, Kevin",3,11.031000000000006,94.4957,83.4647,0.17904553428064626,50.13850415512465,75.0,50.121191135734065
"Sterner, Justin",3,11.962299999999999,93.5114,81.5491,0.17904174358092342,50.0,75.0,50.017313019390585
"Romero, JoJo",4,11.254999999999995,94.2475,82.9925,0.17730595621121478,49.86149584487535,100.0,49.86149584487535
"Arias, Luarbert",2,11.500399999999999,93.9525,82.4521,0.17189498280205978,49.584487534626035,50.0,49.82686980609418
"Alexander, Jason",4,13.429000000000002,91.9315,78.5025,0.17452211014992605,49.72299168975069,100.0,49.72299168975069
"Woodford, Jake",5,12.15809999999999,93.2546,81.0965,0.17147169216814498,49.445983379501385,100.0,49.445983379501385
"Silseth, Chase",2,10.116399999999999,95.3773,85.2609,0.16613710682888563,48.75346260387812,50.0,49.41135734072022
"Jarvis, Bryce",3,11.429300000000012,94.019,82.5897,0.17058260233219394,49.16897506925208,75.0,49.394044321329645
"Topa, Justin",4,11.302800000000005,94.1585,82.8557,0.17146380787923488,49.307479224376735,100.0,49.307479224376735
"Beeter, Clayton",2,9.0411,96.4729,87.4318,0.15993284442903338,48.199445983379505,50.0,49.134349030470915
"Pressly, Ryan",4,12.043400000000005,93.3686,81.3252,0.17037488049733823,49.03047091412742,100.0,49.03047091412742
"Holmes, Grant",4,10.982399999999998,94.471,83.4886,0.1674974933685942,48.89196675900277,100.0,48.89196675900277
"Pearson, Nate",2,8.058099999999996,97.4759,89.4178,0.1544801303769989,47.64542936288089,50.0,48.85734072022161
"Castillo, Luis",4,10.474400000000003,94.9855,84.5111,0.16409727725136666,48.61495844875346,100.0,48.61495844875346
"Tinoco, Jesus",2,10.143599999999992,95.2144,85.0708,0.14577015920436404,47.091412742382275,50.0,48.5803324099723
"Schmidt, Clarke",6,11.156999999999996,94.2624,83.1054,0.16384347494675033,48.476454293628805,100.0,48.476454293628805
"Houck, Tanner",3,10.946200000000005,94.4564,83.5102,0.15947246616892177,47.92243767313019,75.0,48.45914127423822
"Maton, Phil",4,14.64500000000001,90.5614,75.9164,0.16162805636229574,48.337950138504155,100.0,48.337950138504155
"Junk, Janson",5,11.73660000000001,93.6213,81.8847,0.15951197447359478,48.06094182825485,100.0,48.06094182825485
"Henriquez, Edgardo",3,4.839600000000004,100.8232,95.9836,0.14623976195360447,47.229916897506925,75.0,47.939750692520775
"Díaz, Edwin",2,8.104799999999997,97.228,89.1232,0.12433743553462963,45.70637119113574,50.0,47.887811634349035
"Springs, Jeffrey",5,14.476299999999995,90.705,76.2287,0.15636052113452428,47.78393351800554,100.0,47.78393351800554
"Chivilli, Angel",3,8.388400000000004,97.0518,88.6634,0.14309194359168662,46.95290858725762,75.0,47.7319944598338
"Leasure, Jordan",2,8.944099999999992,96.2383,87.2942,0.10875196667543512,45.29085872576177,50.0,47.680055401662045
"Romano, Jordan",2,9.650599999999997,95.4795,85.8289,0.10691309779063064,45.013850415512465,50.0,47.541551246537395
"Gonsolin, Tony",4,11.781800000000004,93.5012,81.7194,0.1485310710103441,47.50692520775623,100.0,47.50692520775623
"Finnegan, Kyle",2,8.8857,96.2826,87.3969,0.10610698128663557,44.87534626038781,50.0,47.47229916897507
"Thompson, Mason",2,10.075400000000002,94.9792,84.9038,0.0991192925602772,44.73684210526316,50.0,47.403047091412745
"Carrasco, Carlos",5,13.688100000000006,91.4753,77.7872,0.14683613967712028,47.368421052631575,100.0,47.368421052631575
"Ginkel, Kevin",2,10.10369999999999,94.9468,84.8431,0.09874123060106177,44.59833795013851,50.0,47.33379501385042
"Cox, Austin",3,12.3947,92.7454,80.3507,0.13212907601567245,46.121883656509695,75.0,47.10872576177286
"Hill, Rich",2,16.110199999999992,88.5238,72.4136,0.08738016414159361,44.04432132963989,50.0,47.056786703601105
"Montero, Rafael",3,10.070899999999995,95.1502,85.0793,0.12435830178584013,45.84487534626039,75.0,46.90096952908587
"Sears, JP",5,12.965099999999993,92.1976,79.2325,0.14048610680058954,46.81440443213297,100.0,46.81440443213297
"King, Michael",5,11.485299999999995,93.7521,82.2668,0.1390475766840339,46.67590027700831,100.0,46.67590027700831
"Veneziano, Anthony",4,11.270899999999997,93.9671,82.6962,0.13728713000988596,46.53739612188366,100.0,46.53739612188366
"Sims, Lucas",2,10.042699999999996,94.8256,84.7829,0.07055301058878322,42.93628808864266,50.0,46.50277008310249
"Ellard, Fraser",2,9.928200000000004,94.9458,85.0176,0.07042956797962156,42.797783933518005,50.0,46.433518005540165
"Pfaadt, Brandon",6,11.576800000000006,93.6136,82.0368,0.1327022669602305,46.398891966759,100.0,46.398891966759
"Schreiber, John",4,11.416899999999998,93.7801,82.3632,0.13232339138902613,46.26038781163435,100.0,46.26038781163435
"Gibson, Cade",6,13.116,91.9349,78.8189,0.12481589581186325,45.98337950138504,100.0,45.98337950138504
"Alvarado, José",2,5.884999999999991,99.0641,93.1791,0.046914485785158805,41.82825484764543,50.0,45.948753462603875
"Tong, Jonah",2,9.46629999999999,95.2408,85.7745,0.04110204489560421,41.689750692520775,50.0,45.87950138504155
"Sánchez, Cristopher",3,9.656899999999993,95.404,85.7471,0.09646162616035361,44.45983379501385,75.0,45.862188365650965
"Johnson, Pierce",2,9.421199999999999,95.2529,85.8317,0.03570253711895867,41.55124653739612,50.0,45.810249307479225
"Martin, Corbin",3,9.161299999999997,95.8762,86.7149,0.08862910585824395,44.18282548476454,75.0,45.65443213296399
"Williams, Devin",2,10.408500000000004,94.1579,83.7494,0.02787785541902348,41.13573407202216,50.0,45.60249307479224
"Taillon, Jameson",6,12.693300000000008,92.3263,79.633,0.1164135625611874,45.56786703601108,100.0,45.56786703601108
"Abbott, Andrew",4,12.218800000000002,92.7834,80.5646,0.10967417412435743,45.42936288088642,100.0,45.42936288088642
"Kriske, Brooks",2,11.116100000000003,93.3857,82.2696,0.024181111790826108,40.443213296398895,50.0,45.25623268698061
"Giolito, Lucas",3,11.597499999999997,93.2589,81.6614,0.08217346955749188,43.62880886426593,75.0,45.238919667590025
"Yarbrough, Ryan",5,16.4756,88.2695,71.7939,0.10740281971597808,45.15235457063712,100.0,45.15235457063712
"Rodríguez, Manuel",3,7.812899999999999,97.2293,89.4164,0.07769800063178058,43.35180055401662,75.0,45.03116343490305
"Sousa, Bennett",2,9.39240000000001,95.0678,85.6754,0.0029797295682078917,39.473684210526315,50.0,44.77146814404432
"Gasser, Robert",2,10.8275,93.542,82.7145,0.001603130015537306,39.335180055401665,50.0,44.702216066481995
"Brown, Ben",2,8.589199999999991,95.874,87.2848,-0.0035011724527186086,39.19667590027701,50.0,44.63296398891967
"Yesavage, Trey",3,10.505700000000004,94.3163,83.8106,0.0675222130217796,42.5207756232687,75.0,44.40789473684211
"Ureña, José",4,8.765900000000002,96.3266,87.5607,0.09356451630624922,44.32132963988919,100.0,44.32132963988919
"Webb, Jacob",3,11.393500000000003,93.3724,81.9789,0.0666721214047632,42.38227146814405,75.0,44.304016620498615
"Vargas, Carlos",3,7.253599999999992,97.7319,90.4783,0.06425979900093068,42.24376731301939,75.0,44.20013850415512
"Rainey, Tanner",2,8.971400000000003,95.284,86.3126,-0.0317485267498161,37.95013850415512,50.0,44.00969529085872
"Blackburn, Paul",5,12.167200000000008,92.6907,80.5235,0.08732107338364958,43.905817174515235,100.0,43.905817174515235
"Mears, Nick",2,8.817599999999999,95.4176,86.6,-0.036143473673508966,37.67313019390582,50.0,43.87119113573407
"DeSclafani, Anthony",5,10.846800000000002,94.0549,83.2081,0.08256789812030191,43.76731301939058,100.0,43.76731301939058
"Ashcraft, Graham",2,7.210099999999997,97.0516,89.8415,-0.046002486812467026,37.257617728531855,50.0,43.66343490304709
"De Los Santos, Enyel",3,8.532499999999999,96.1581,87.6256,0.030532822285090952,41.41274238227147,75.0,43.57686980609418
"Littell, Zack",5,12.668400000000005,92.1194,79.451,0.08100687415642652,43.49030470914128,100.0,43.49030470914128
"Suarez, José",3,11.111500000000007,93.4244,82.3129,0.029318416021331985,41.27423822714682,75.0,43.4729916897507
"Henderson, Logan",2,11.087500000000006,92.9375,81.85,-0.048453195204623566,36.84210526315789,50.0,43.45567867036011
"Beeks, Jalen",3,10.1939,94.3785,84.1846,0.02693550440055141,40.99722991689751,75.0,43.26523545706371
"Bello, Brayan",5,9.622100000000003,95.2936,85.6715,0.07411697148955268,43.21329639889196,100.0,43.21329639889196
"Scott, Tanner",2,7.584099999999992,96.5191,88.935,-0.06683597667183254,36.288088642659275,50.0,43.1786703601108
"Sandlin, Nick",3,13.009500000000003,91.4017,78.3922,0.02677752955036773,40.85872576177285,75.0,43.161357340720215
"Sauer, Matt",4,10.546599999999998,94.3133,83.7667,0.07362936331090537,43.07479224376731,100.0,43.07479224376731
"Fermin, José",2,7.207899999999995,96.8227,89.6148,-0.08110686683579024,35.73407202216066,50.0,42.90166204986149
"Parker, Mitchell",4,11.811999999999998,92.9502,81.1382,0.0697245173186687,42.65927977839335,100.0,42.65927977839335
"Hollowell, Gavin",2,9.358699999999999,94.4346,85.0759,-0.09855942077851873,35.041551246537395,50.0,42.55540166204986
"Thompson, Ryan",3,13.193200000000004,91.144,77.9508,0.017129336113296395,40.02770083102493,75.0,42.538088642659275
"Loutos, Ryan",2,8.403300000000002,95.3879,86.9846,-0.10712898471262304,34.76454293628809,50.0,42.41689750692521
"Backhus, Kyle",2,12.580799999999996,90.9722,78.3914,-0.10721578648422887,34.62603878116344,50.0,42.347645429362885
"Fernandez, Ryan",2,8.541700000000006,95.2202,86.6785,-0.1103820734009707,34.34903047091413,50.0,42.20914127423823
"Crismatt, Nabil",4,15.35430000000001,89.1615,73.8072,0.06290727232876635,42.10526315789473,100.0,42.10526315789473
"Young, Danny",2,10.662999999999997,92.9069,82.2439,-0.1212119838646321,33.933518005540165,50.0,42.001385041551245
"Lugo, Seth",7,12.858199999999997,91.7263,78.8681,0.05178115737317817,41.96675900277008,100.0,41.96675900277008
"Smith, Dylan",2,8.979600000000005,94.6671,85.6875,-0.1240899643121251,33.795013850415515,50.0,41.93213296398892
"Núñez, Dedniel",2,7.452200000000005,96.2146,88.7624,-0.13422888331559021,33.37950138504155,50.0,41.72437673130194
"Hanifee, Brenan",3,8.381600000000006,96.0612,87.6796,-0.008391094891351236,38.9196675900277,75.0,41.70706371191136
"Estévez, Carlos",3,8.528500000000008,95.8695,87.341,-0.013923973564018621,38.78116343490305,75.0,41.603185595567865
"Hendriks, Liam",2,8.631699999999995,94.9422,86.3105,-0.13814682216431862,33.10249307479224,50.0,41.58587257617728
"Rangel, Alan",2,10.61890000000001,92.7763,82.1574,-0.1481156142482051,32.825484764542935,50.0,41.44736842105263
"Jackson, Luke",3,10.073900000000009,94.1761,84.1022,-0.02304726397205112,38.504155124653735,75.0,41.39542936288088
"McDermott, Chayce",2,9.917200000000008,93.5057,83.5885,-0.14997004149635196,32.686980609418285,50.0,41.378116343490305
"Dana, Caden",3,9.3382,94.8917,85.5535,-0.03245226229664769,37.81163434903047,75.0,40.87603878116343
"Maxwell, Zach",1,0.0,99.6777,99.6777,-0.8042067247214668,12.880886426592797,25.0,40.77216066481994
"Funderburk, Kody",5,11.1948,93.3059,82.1111,0.024693756591227148,40.7202216066482,100.0,40.7202216066482
"Okert, Steven",2,11.125699999999995,91.9892,80.8635,-0.1862938154209898,31.301939058171747,50.0,40.68559556786704
"Gray, Sonny",6,12.090900000000005,92.358,80.2671,0.024568164876878778,40.581717451523545,100.0,40.581717451523545
"Allen, Logan",5,13.147199999999998,91.2187,78.0715,0.021089291026839936,40.30470914127424,100.0,40.30470914127424
"Whisenhunt, Carson",3,11.433399999999992,92.5821,81.1487,-0.04690831647117593,36.98060941828255,75.0,40.25277008310249
"Gibaut, Ian",4,10.494599999999991,94.0055,83.5109,0.018555804260362806,40.16620498614959,100.0,40.16620498614959
"Rodriguez, Bradgley",1,0.0,98.3192,98.3192,-1.0104528957792667,10.38781163434903,25.0,40.148891966758995
"King, Bryan",3,11.94720000000001,92.0027,80.0555,-0.05243051759408653,36.70360110803324,75.0,40.045013850415515
"Nance, Tommy",3,9.530100000000004,94.5449,85.0148,-0.054311801956825896,36.56509695290859,75.0,39.94113573407202
"Kopech, Michael",1,0.0,97.4503,97.4503,-1.1423684629725834,9.556786703601109,25.0,39.94113573407202
"Vest, Will",4,7.956499999999991,96.6458,88.6893,0.012152919250036387,39.88919667590028,100.0,39.88919667590028
"Otañez, Michel",1,0.0,97.3882,97.3882,-1.1517964255951005,9.279778393351801,25.0,39.87188365650969
"Whitley, Forrest",2,6.847000000000008,96.2779,89.4309,-0.2217260730721757,29.6398891966759,50.0,39.85457063711911
"Gil, Luis",3,8.7046,95.3774,86.6728,-0.06037800849100587,36.42659279778393,75.0,39.837257617728525
"Fernández, Julian",1,0.0,97.3558,97.3558,-1.1567153626155435,9.141274238227147,25.0,39.837257617728525
"Tolle, Payton",1,0.0,96.6832,96.6832,-1.2588288515029018,9.002770083102494,25.0,39.80263157894736
"Wilson, Bryse",5,11.768600000000006,92.5854,80.8168,0.007377185331978982,39.75069252077562,100.0,39.75069252077562
"Pop, Zach",1,0.0,96.3829,96.3829,-1.3044201103683088,8.725761772853186,25.0,39.73337950138504
"Murray, Jayden",1,0.0,96.1723,96.1723,-1.3363932010011925,8.587257617728532,25.0,39.698753462603875
"Harvey, Hunter",1,0.0,96.1045,96.1045,-1.346686532173603,8.310249307479225,25.0,39.62950138504155
"Wesneski, Hayden",4,10.557199999999995,93.8548,83.2976,0.005721154170970944,39.612188365650965,100.0,39.612188365650965
"Weems, Jordan",1,0.0,95.7316,95.7316,-1.4032998536218575,8.171745152354571,25.0,39.59487534626038
"Sanders, Cam",1,0.0,95.7312,95.7312,-1.4033605812393937,8.033240997229916,25.0,39.56024930747922
"Zulueta, Yosver",1,0.0,95.3211,95.3211,-1.4656215711185276,7.756232686980609,25.0,39.49099722991689
"Contreras, Roansy",1,0.0,95.1675,95.1675,-1.4889409762524821,7.479224376731302,25.0,39.42174515235457
"Castro, Miguel",1,0.0,95.1,95.1,-1.4991887617117412,7.340720221606649,25.0,39.387119113573405
"Darnell, Dugan",2,9.166299999999993,93.6643,84.498,-0.24637716246753918,28.670360110803323,50.0,39.36980609418282
"Matzek, Tyler",1,0.0,94.4868,94.4868,-1.5922841993949512,7.063711911357341,25.0,39.31786703601107
"Marinaccio, Ron",1,0.0,94.2304,94.2304,-1.6312106022357458,6.9252077562326875,25.0,39.28324099722991
"Leclerc, José",1,0.0,94.2052,94.2052,-1.635036442140535,6.786703601108034,25.0,39.24861495844875
"Bowden, Ben",2,9.405500000000004,93.4036,83.9981,-0.2475755633577443,28.39335180055402,50.0,39.23130193905817
"Warren, Austin",1,0.0,94.0058,94.0058,-1.6653091594824028,6.64819944598338,25.0,39.213988919667585
"Rodriguez, Carlos",1,0.0,93.8519,93.8519,-1.688674110329509,6.509695290858726,25.0,39.17936288088642
"Herget, Kevin",2,10.655299999999997,92.0705,81.4152,-0.2494289352416543,28.254847645429365,50.0,39.162049861495845
"Gervase, Paul",1,0.0,93.8212,93.8212,-1.6933349549754226,6.3711911357340725,25.0,39.14473684210526
"Suárez, Albert",1,0.0,93.8133,93.8133,-1.6945343254217664,6.232686980609419,25.0,39.1101108033241
"McKenzie, Triston",1,0.0,93.6616,93.6616,-1.7175652743724223,6.094182825484765,25.0,39.075484764542935
"Patrick, Chad",5,10.077200000000005,94.2847,84.2075,-0.006030214478707363,39.05817174515235,100.0,39.05817174515235
"Estrada, Lazaro",1,0.0,93.6603,93.6603,-1.7177626391294156,5.955678670360111,25.0,39.040858725761765
"Rock, Joe",1,0.0,93.5281,93.5281,-1.7378331167251782,5.8171745152354575,25.0,39.0062326869806
"Kimbrel, Craig",1,0.0,93.4885,93.4885,-1.743845150861275,5.678670360110803,25.0,38.97160664819944
"Laweryson, Cody",1,0.0,93.2362,93.2362,-1.782149095622323,5.401662049861495,25.0,38.902354570637115
"VanWey, Logan",1,0.0,92.9229,92.9229,-1.8297140020576619,5.263157894736842,25.0,38.86772853185595
"Basso, Brady",1,0.0,92.6917,92.6917,-1.8648145649936674,5.124653739612189,25.0,38.83310249307479
"Cruz, Omar",1,0.0,92.658,92.658,-1.8699308667711034,4.986149584487535,25.0,38.79847645429362
"Seabold, Connor",1,0.0,92.4213,92.4213,-1.9058664344482332,4.7091412742382275,25.0,38.729224376731295
"Orze, Eric",3,9.805899999999994,93.9207,84.1148,-0.10482377414392402,34.903047091412745,75.0,38.69459833795014
"Castillo, Luis F.",1,0.0,92.1844,92.1844,-1.9418323659341323,4.570637119113574,25.0,38.69459833795013
"Harrington, Thomas",1,0.0,92.0864,92.0864,-1.9567106322305357,4.43213296398892,25.0,38.65997229916897
"Evans, Logan",6,11.293999999999997,92.9009,81.6069,-0.020875825207634063,38.64265927977839,100.0,38.64265927977839
"Suero, Wander",1,0.0,92.0722,92.0722,-1.9588664626530763,4.293628808864266,25.0,38.62534626038781
"Scholtens, Jesse",2,7.492000000000004,95.2508,87.7588,-0.2741659707928322,27.146814404432135,50.0,38.60803324099723
"Richards, Trevor",1,0.0,91.3882,91.3882,-2.0627106886402196,4.016620498614958,25.0,38.55609418282548
"Swanson, Erik",2,9.615500000000011,92.9441,83.3286,-0.283640874678986,27.008310249307478,50.0,38.538781163434905
"Petty, Chase",1,0.0,91.3111,91.3111,-2.07441593692035,3.739612188365651,25.0,38.48684210526315
"Estes, Joey",1,0.0,91.1132,91.1132,-2.104460925696453,3.6011080332409975,25.0,38.45221606648199
"Contreras, Luis",1,0.0,91.0664,91.0664,-2.1115660569482055,3.4626038781163437,25.0,38.417590027700825
"Garcia, Luis",1,0.0,91.0058,91.0058,-2.1207662910049625,3.32409972299169,25.0,38.38296398891966
"Bergert, Ryan",5,10.779799999999994,93.4247,82.6449,-0.023858944901934052,38.365650969529085,100.0,38.365650969529085
"Saucedo, Tayler",1,0.0,90.8974,90.8974,-2.137223475357309,3.1855955678670362,25.0,38.3483379501385
"Abner, Philip",1,0.0,90.3577,90.3577,-2.219160213318219,3.0470914127423825,25.0,38.31371191135734
"Nikhazy, Doug",1,0.0,90.216,90.216,-2.240672971830468,2.9085872576177287,25.0,38.279085872576175
"Daniel, Davis",1,0.0,89.7731,89.7731,-2.3079136263475815,2.7700831024930745,25.0,38.244459833795005
"Burke, Brock",4,8.221699999999998,96.1163,87.8946,-0.025682611946427066,38.227146814404435,100.0,38.227146814404435
"Winn, Keaton",1,0.0,89.1236,89.1236,-2.406520095322216,2.631578947368421,25.0,38.20983379501384
"Kent, Zak",3,11.0154,92.5946,81.5792,-0.11208074717209861,34.21052631578947,75.0,38.17520775623268
"Miley, Wade",1,0.0,88.3029,88.3029,-2.531117984602404,2.4930747922437675,25.0,38.17520775623268
"Misiewicz, Anthony",1,0.0,87.6203,87.6203,-2.6347496639281696,2.3545706371191137,25.0,38.14058171745152
"Stephenson, Robert",1,0.0,87.3532,87.3532,-2.6753005305380615,2.21606648199446,25.0,38.105955678670355
"Bido, Osvaldo",5,9.494200000000006,94.7412,85.247,-0.030270056325713654,38.088642659279785,100.0,38.088642659279785
"Pilkington, Konnor",3,9.191599999999994,94.4803,85.2887,-0.1184333124796511,34.07202216066482,75.0,38.0713296398892
"Hartlieb, Geoff",1,0.0,85.5687,85.5687,-2.946221614272063,2.0775623268698062,25.0,38.07132963988919
"Lara, Andry",2,8.224500000000006,94.2112,85.9867,-0.3144637985099853,26.038781163434905,50.0,38.054016620498615
"Maeda, Kenta",1,0.0,84.4774,84.4774,-3.111901736815587,1.9390581717451523,25.0,38.03670360110803
"Van Belle, Brian",1,0.0,84.3268,84.3268,-3.134765684818019,1.8005540166204987,25.0,38.00207756232687
"Peralta, Sammy",1,0.0,80.8635,80.8635,-3.660560579352046,1.662049861495845,25.0,37.967451523545705
"Waldron, Matt",1,0.0,79.4364,79.4364,-3.8772215368173266,1.5235457063711912,25.0,37.932825484764535
"Tate, Dillon",1,0.0,79.2833,79.2833,-3.900465032429363,1.3850415512465373,25.0,37.89819944598337
"Bride, Jonah",1,0.0,72.2227,72.2227,-4.9723985733720895,1.2465373961218837,25.0,37.86357340720221
"McCormick, Chas",1,0.0,69.02,69.02,-5.458629425081191,1.10803324099723,25.0,37.82894736842105
"Pereda, Jhonny",1,0.0,67.7204,67.7204,-5.655933454456763,0.9695290858725761,25.0,37.794321329639885
"Bauers, Jake",1,0.0,67.3714,67.3714,-5.7089183007572215,0.8310249307479225,25.0,37.75969529085872
"Sanoja, Javier",1,0.0,62.572,62.572,-6.43755861976701,0.6925207756232686,25.0,37.72506925207756
"Williams, Luke",1,0.0,59.4308,59.4308,-6.914452600279899,0.554016620498615,25.0,37.69044321329639
"Strickland, Hunter",2,8.693299999999994,93.6044,84.9111,-0.33136631414634826,25.20775623268698,50.0,37.63850415512465
"Heineman, Tyler",1,0.0,51.5283,51.5283,-8.11420259423224,0.2770083102493075,25.0,37.621191135734065
"Rojas, Miguel",1,0.0,44.3759,44.3759,-9.200073123399559,0.13850415512465375,25.0,37.5865650969529
"Walter, Brandon",5,12.250799999999998,91.7803,79.5295,-0.03748095037927922,37.53462603878116,100.0,37.53462603878116
"Cano, Yennier",5,9.055800000000005,95.1303,86.0745,-0.041540716079039815,37.396121883656505,100.0,37.396121883656505
"Green, Chad",2,7.144499999999994,95.1955,88.051,-0.33831965875037934,24.51523545706371,50.0,37.29224376731302
"Bruihl, Justin",2,11.8335,90.2139,78.3804,-0.3422481509361144,24.37673130193906,50.0,37.22299168975069
"Márquez, Germán",4,9.322900000000004,94.8172,85.4943,-0.046217741784940716,37.119113573407205,100.0,37.119113573407205
"Peguero, Elvis",2,7.074400000000011,95.1787,88.1043,-0.35211811062302645,24.099722991689752,50.0,37.084487534626035
"Gray, Jon",2,7.441299999999998,94.7525,87.3112,-0.35795246626114907,23.822714681440445,50.0,36.945983379501385
"Enns, Dietrich",3,9.40310000000001,93.9912,84.5881,-0.15875178507484108,32.40997229916898,75.0,36.82479224376732
"Zastryzny, Rob",3,11.3095,91.8935,80.584,-0.17133127826092548,32.27146814404433,75.0,36.720914127423825
"Poche, Colin",2,9.558599999999998,92.1629,82.6043,-0.411371798334676,22.57617728531856,50.0,36.322714681440445
"Pomeranz, Drew",2,8.931300000000007,92.7981,83.8668,-0.4155897312951135,22.437673130193904,50.0,36.25346260387811
"Hiraldo, Yaramil",3,8.373099999999994,94.9109,86.5378,-0.18439240808934787,31.57894736842105,75.0,36.201523545706365
"Myers, Tobias",4,10.431399999999996,93.4961,83.0647,-0.06892156945908719,36.149584487534625,100.0,36.149584487534625
"Neris, Héctor",2,9.317300000000003,92.3652,83.0479,-0.4193765849980092,22.160664819944596,50.0,36.11495844875346
"Lord, Brad",4,9.227000000000004,94.7544,85.5274,-0.07113960736260236,36.011080332409975,100.0,36.011080332409975
"Poulin, PJ",3,12.19919999999999,90.8457,78.6465,-0.18765050412960513,31.163434903047094,75.0,35.8898891966759
"Fedde, Erick",4,10.63300000000001,93.233,82.6,-0.07651744214293009,35.87257617728532,100.0,35.87257617728532
"Adams, Travis",5,9.141800000000003,94.7651,85.6233,-0.08318590526194854,35.59556786703601,100.0,35.59556786703601
"Farris, Mitch",3,12.6734,90.2975,77.6241,-0.1947899670714238,30.60941828254848,75.0,35.474376731301945
"Graveman, Kendall",4,9.314799999999991,94.5641,85.2493,-0.08594282686926034,35.45706371191136,100.0,35.45706371191136
"Moll, Sam",3,10.956800000000001,92.1,81.1432,-0.1965731062765689,30.47091412742382,75.0,35.37049861495845
"Hjelle, Sean",2,7.824799999999996,93.5874,85.7626,-0.47330236123721614,20.63711911357341,50.0,35.353185595567865
"Cameron, Noah",5,11.423100000000005,92.3356,80.9125,-0.08598439675429302,35.3185595567867,100.0,35.3185595567867
"Guenther, Sean",2,11.269300000000001,89.9429,78.6736,-0.47391979413313196,20.498614958448755,50.0,35.28393351800554
"Lively, Ben",7,13.175200000000004,90.4497,77.2745,-0.09116681511029016,35.18005540166205,100.0,35.18005540166205
"Enright, Nic",2,8.148799999999994,93.1703,85.0215,-0.48463868089535445,19.94459833795014,50.0,35.00692520775623
"Maldonado, Anthony",2,8.608100000000007,92.5484,83.9403,-0.5053579861107298,19.667590027700832,50.0,34.868421052631575
"Brebbia, John",2,8.573999999999998,92.5569,83.9829,-0.5095390380044449,19.113573407202217,50.0,34.591412742382275
"Salazar, Eduardo",3,7.767899999999997,95.2748,87.5069,-0.22625279326737244,29.362880886426595,75.0,34.53947368421053
"Spence, Mitch",4,10.925899999999999,92.7032,81.7773,-0.1099539169608146,34.48753462603878,100.0,34.48753462603878
"Hamilton, Ian",3,7.573299999999989,95.4253,87.852,-0.23462856027588794,29.224376731301938,75.0,34.43559556786704
"Darrell-Hicks, Michael",2,6.847999999999999,94.2706,87.4226,-0.5263119848247617,18.559556786703602,50.0,34.31440443213296
"Tonkin, Michael",2,8.513099999999994,92.4296,83.9165,-0.538637308689239,18.282548476454295,50.0,34.17590027700831
"Roycroft, Chris",3,7.2898,95.6518,88.362,-0.24573052493283007,28.80886426592798,75.0,34.12396121883657
"Hoffmann, Andrew",2,6.36869999999999,94.5431,88.1744,-0.5618473525105828,17.72853185595568,50.0,33.898891966759
"Barnes, Jacob",2,6.724199999999996,94.1352,87.411,-0.5667326060668386,17.590027700831026,50.0,33.82963988919668
"Hernandez, Nick",2,9.3459,91.3221,81.9762,-0.5731500180824232,17.451523545706372,50.0,33.760387811634345
"Gibson, Kyle",2,9.700199999999995,90.904,81.2038,-0.5797763718248515,17.31301939058172,50.0,33.69113573407202
"Lopez, Jacob",5,12.655900000000003,90.7702,78.1143,-0.12583306665815405,33.65650969529086,100.0,33.65650969529086
"Roberts, Ethan",2,9.211699999999993,91.3731,82.1614,-0.5869403010238323,17.174515235457065,50.0,33.621883656509695
"Muñoz, Roddery",3,7.402899999999988,95.49,88.0871,-0.25214739147627097,28.116343490304708,75.0,33.60457063711911
"Assad, Javier",4,11.287400000000005,92.1847,80.8973,-0.13066762707090657,33.51800554016621,100.0,33.51800554016621
"Ohl, Pierson",3,10.803700000000006,91.8832,81.0795,-0.25405312769767996,27.977839335180054,75.0,33.50069252077562
"Dodd, Dylan",2,6.889200000000002,93.7857,86.8965,-0.5933182952777928,16.759002770083104,50.0,33.41412742382271
"Blewett, Scott",3,9.376100000000008,93.3879,84.0118,-0.25467649785135216,27.839335180055404,75.0,33.396814404432135
"Brasier, Ryan",3,8.734800000000007,94.0627,85.3279,-0.2551287659639364,27.70083102493075,75.0,33.29293628808864
"Pepiot, Ryan",4,8.415500000000009,95.185,86.7695,-0.13597551832817742,33.2409972299169,100.0,33.2409972299169
"Hudson, Bryan",2,9.884199999999993,90.5085,80.6243,-0.6102970930184448,16.20498614958449,50.0,33.137119113573405
"Spiers, Carson",3,10.600300000000004,92.0057,81.4054,-0.26809183148634624,27.42382271468144,75.0,33.085180055401665
"Steele, Justin",2,9.498500000000007,90.8224,81.3239,-0.624528569047861,15.927977839335181,50.0,32.998614958448755
"Peralta, Wandy",3,7.416799999999995,95.3658,87.949,-0.26877299292797835,27.28531855955679,75.0,32.98130193905817
"Berríos, José",5,10.435600000000008,92.9911,82.5555,-0.14491627581224295,32.96398891966759,100.0,32.96398891966759
"Kahnle, Tommy",2,6.8138000000000005,93.5123,86.6985,-0.6469239250305577,15.789473684210526,50.0,32.92936288088642
"Teng, Kai-Wei",5,10.194199999999995,93.1664,82.9722,-0.15703622215420035,32.54847645429363,100.0,32.54847645429363
"Mayza, Tim",2,6.497299999999996,93.594,87.0967,-0.6853043005579428,14.958448753462603,50.0,32.513850415512465
"Holman, Grant",3,7.995399999999989,94.6034,86.608,-0.2916805983681933,26.59279778393352,75.0,32.461911357340725
"McDonald, Trevor",2,7.028800000000004,93.0232,85.9944,-0.6866808053036891,14.81994459833795,50.0,32.44459833795014
"Castillo, José",3,9.182399999999987,93.3444,84.162,-0.2923607499107515,26.454293628808866,75.0,32.35803324099723
"Winckowski, Josh",2,5.329800000000006,94.7098,89.38,-0.70323576458477,14.542936288088642,50.0,32.30609418282548
"Jansen, Kenley",3,9.279799999999994,93.2062,83.9264,-0.297713829721359,26.31578947368421,75.0,32.254155124653735
"Mattson, Isaac",3,8.614199999999997,93.8789,85.2647,-0.30238397309059956,26.177285318559555,75.0,32.15027700831025
"Banks, Tanner",5,10.577100000000002,92.6674,82.0903,-0.17135572499736987,32.13296398891966,100.0,32.13296398891966
"Effross, Scott",2,10.392600000000002,89.1811,78.7885,-0.7302463956597804,14.127423822714682,50.0,32.0983379501385
"Yates, Kirby",2,6.864500000000007,92.7455,85.881,-0.7552037019253026,13.988919667590027,50.0,32.029085872576175
"Waddell, Brandon",5,12.176999999999992,90.9712,78.7942,-0.17215931399893225,31.994459833795013,100.0,31.994459833795013
"Díaz, Alexis",2,6.009599999999992,93.526,87.5164,-0.7738818742445175,13.71191135734072,50.0,31.89058171745152
"Gipson-Long, Sawyer",5,10.452200000000005,92.7855,82.3333,-0.17346671906986527,31.855955678670362,100.0,31.855955678670362
"Minter, A.J.",2,5.0412000000000035,94.4696,89.4284,-0.7860099972429576,13.434903047091412,50.0,31.752077562326868
"Festa, Matt",4,10.0552,93.153,83.0978,-0.18137383527492393,31.71745152354571,100.0,31.71745152354571
"Alexander, Scott",2,8.070999999999998,91.2618,83.1908,-0.7868687211102808,13.157894736842104,50.0,31.613573407202214
"McDaniels, Garrett",2,7.116599999999991,92.1646,85.048,-0.8029446918091896,13.019390581717452,50.0,31.54432132963989
"Meyer, Max",5,8.292999999999992,94.9922,86.6992,-0.1849019612528135,31.440443213296398,100.0,31.440443213296398
"Anderson, Ian",2,5.570599999999999,93.7481,88.1775,-0.810602587288761,12.742382271468145,50.0,31.405817174515235
"Saalfrank, Andrew",2,9.64500000000001,89.3015,79.6565,-0.8319235027734543,12.326869806094184,50.0,31.198060941828253
"Lovelady, Richard",2,7.660900000000012,91.3803,83.7194,-0.8346807390657057,12.049861495844876,50.0,31.059556786703602
"Eder, Jake",4,10.081199999999995,93.0659,82.9847,-0.1904254453153004,31.024930747922436,100.0,31.024930747922436
"Robertson, David",2,7.232500000000002,91.7556,84.5231,-0.8464419521324363,11.772853185595569,50.0,30.921052631578945
"Rodón, Carlos",4,9.087800000000001,94.1126,85.0248,-0.19091239862275317,30.886426592797783,100.0,30.886426592797783
"Fluharty, Mason",2,8.49799999999999,90.2649,81.7669,-0.8697028626238518,11.49584487534626,50.0,30.78254847645429
"Snider, Collin",5,10.358999999999995,92.7556,82.3966,-0.19296050974243237,30.747922437673132,100.0,30.747922437673132
"Lao, Sauryn",2,5.93010000000001,92.7818,86.8517,-0.8996217751291067,11.218836565096952,50.0,30.644044321329638
"Sewald, Paul",2,8.102699999999999,90.4172,82.3145,-0.9100086636498891,11.080332409972298,50.0,30.574792243767313
"Hoeing, Bryan",2,6.0785999999999945,92.5492,86.4706,-0.9111073247762128,10.941828254847644,50.0,30.505540166204984
"Armstrong, Shawn",4,9.025199999999998,94.108,85.0828,-0.2016552460418453,30.332409972299168,100.0,30.332409972299168
"Curtiss, John",2,3.8349000000000046,94.3289,90.494,-1.0009277418832316,10.526315789473683,50.0,30.297783933518005
"Lee, Dylan",3,8.07719999999999,94.0547,85.9775,-0.36185849288237004,23.684210526315788,75.0,30.280470914127424
"Gomber, Austin",4,13.415599999999998,89.4462,76.0306,-0.204943855826492,30.193905817174517,100.0,30.193905817174517
"McFarland, T.J.",2,9.8489,87.9043,78.0554,-1.0113283066941445,10.249307479224377,50.0,30.15927977839335
"Murfee, Penn",2,9.61160000000001,88.1256,78.514,-1.0158067117278617,10.110803324099724,50.0,30.090027700831023
"Weaver, Luke",3,6.9990999999999985,95.1273,88.1282,-0.37200386714820644,23.407202216066484,75.0,30.072714681440445
"Bellozo, Valente",4,12.101399999999998,90.8258,78.7244,-0.20636419712989665,30.055401662049864,100.0,30.055401662049864
"Quintana, Jose",5,12.334999999999994,90.5624,78.2274,-0.2088710571537719,29.916897506925206,100.0,29.916897506925206
"Kelly, Merrill",6,10.641800000000003,92.3148,81.673,-0.2145056846449931,29.778393351800553,100.0,29.778393351800553
"Garcia, Robert",3,7.539900000000003,94.4353,86.8954,-0.39028860898027795,22.99168975069252,75.0,29.76108033240997
"Winans, Allan",2,7.134399999999999,89.9094,82.775,-1.142470901384028,9.418282548476455,50.0,29.74376731301939
"Sulser, Cole",3,8.906199999999998,92.9353,84.0291,-0.39878757770407036,22.85318559556787,75.0,29.657202216066484
"Akin, Keegan",3,8.149100000000004,93.7136,85.5645,-0.4021072578918689,22.71468144044321,75.0,29.55332409972299
"Pérez, Martín",4,13.19659999999999,89.5593,76.3627,-0.22291275583416342,29.50138504155125,100.0,29.50138504155125
"Anderson, Shaun",2,3.975200000000001,92.2767,88.3015,-1.2899789542862643,8.86426592797784,50.0,29.466759002770083
"Corbin, Patrick",4,11.194900000000004,91.5664,80.3715,-0.23937942467501921,29.085872576177284,100.0,29.085872576177284
"Rashi, Taylor",2,5.268900000000002,90.0022,84.7333,-1.4277108017738227,7.894736842105263,50.0,28.981994459833793
"Singer, Brady",5,10.573400000000007,92.1952,81.6218,-0.2436383608109125,28.947368421052634,100.0,28.947368421052634
"King, John",3,8.66170000000001,93.0019,84.3402,-0.42790766445391853,21.88365650969529,75.0,28.93005540166205
"Vesia, Alex",3,8.921500000000009,92.6603,83.7388,-0.43808285403815195,21.60664819944598,75.0,28.722299168975066
"Sisk, Evan",3,10.754899999999992,90.6424,79.8875,-0.4502603988144283,21.46814404432133,75.0,28.61842105263158
"Matsui, Yuki",4,10.682900000000004,92.0557,81.3728,-0.2472473004936773,28.53185595567867,100.0,28.53185595567867
"Imanaga, Shota",3,10.458299999999994,90.8621,80.4038,-0.4644966928034872,21.052631578947366,75.0,28.306786703601105
"Brieske, Beau",3,5.867499999999993,95.7015,89.834,-0.4664001926443959,20.77562326869806,75.0,28.099030470914126
"Rogers, Tyler",2,9.430499999999995,83.4871,74.0566,-1.749077737876562,5.540166204986149,50.0,27.804709141274238
"Gordon, Tanner",3,9.0582,92.265,83.2068,-0.4761627305182536,20.221606648199447,75.0,27.683518005540165
"Holton, Tyler",5,10.608000000000004,92.0,81.392,-0.2677216969277068,27.562326869806093,100.0,27.562326869806093
"Ramírez, Erasmo",2,1.8096000000000032,90.6667,88.8571,-1.881888852771219,4.847645429362881,50.0,27.458448753462605
"Scott, Tayler",3,9.250600000000006,91.9586,82.708,-0.4918085533326801,19.806094182825483,75.0,27.371883656509695
"Hill, Tim",2,1.545100000000005,89.8819,88.3368,-2.0434767724303757,4.1551246537396125,50.0,27.11218836565097
"Rasmussen, Drew",3,5.513600000000011,95.8058,90.2922,-0.5073504728795614,19.390581717451525,75.0,27.060249307479225
"Chavez, Jesse",2,1.6992999999999938,89.5508,87.8515,-2.0690019046855928,3.8781163434903045,50.0,26.973684210526315
"Lucas, Easton",3,7.388800000000003,93.8133,86.4245,-0.5089647970673844,19.252077562326868,75.0,26.95637119113573
"Bieber, Shane",5,9.890299999999996,92.624,82.7337,-0.288145130583243,26.869806094182824,100.0,26.869806094182824
"Aldegheri, Sam",3,9.442400000000006,91.6007,82.1583,-0.5153693298744082,18.97506925207756,75.0,26.74861495844875
"Woodruff, Brandon",4,9.4649,93.0649,83.6,-0.2894656495265304,26.73130193905817,100.0,26.73130193905817
"Kittredge, Andrew",3,5.963100000000011,95.2262,89.2631,-0.5232202910422405,18.698060941828253,75.0,26.540858725761773
"Shuster, Jared",3,8.31519999999999,92.5868,84.2716,-0.5465253894362472,18.144044321329638,75.0,26.125346260387808
"Wilson, Justin",3,6.493099999999998,94.4735,87.9804,-0.5524533622863835,17.86703601108033,75.0,25.91759002770083
"Bernardino, Brennan",4,11.514700000000005,90.7307,79.216,-0.3149411068714103,25.90027700831025,100.0,25.90027700831025
"Hurter, Brant",4,10.066699999999997,92.236,82.1693,-0.31874666656164524,25.761772853185594,100.0,25.761772853185594
"Cortes, Nestor",4,12.043000000000006,90.1268,78.0838,-0.321856277805603,25.62326869806094,100.0,25.62326869806094
"Santana, Dennis",5,7.722700000000003,94.6819,86.9592,-0.32351886806265123,25.48476454293629,100.0,25.48476454293629
"Altavilla, Dan",4,5.903599999999997,96.5825,90.6789,-0.3268551913559229,25.346260387811636,100.0,25.346260387811636
"Hernández, Enrique",2,2.3177999999999983,53.8609,51.5431,-7.388167011405715,0.41551246537396125,50.0,25.242382271468145
"Seymour, Ian",5,10.5912,91.5968,81.0056,-0.3316307785502293,25.069252077562325,100.0,25.069252077562325
"Gage, Matt",3,7.608899999999991,93.02,85.4111,-0.5940867102361905,16.62049861495845,75.0,24.98268698060942
"Strahm, Matt",4,9.8142,92.3884,82.5742,-0.33612431894323214,24.930747922437675,100.0,24.930747922437675
"Ober, Bailey",4,11.8356,90.2514,78.4158,-0.336217981398845,24.792243767313018,100.0,24.792243767313018
"Bummer, Aaron",4,10.574400000000011,91.5802,81.0058,-0.3368466178238755,24.653739612188367,100.0,24.653739612188367
"Brubaker, JT",3,7.0911000000000115,93.4043,86.3132,-0.6188262243632621,16.06648199445983,75.0,24.567174515235454
"Alvarez, Andrew",3,8.904200000000003,91.2852,82.381,-0.6496250918441809,15.650969529085874,75.0,24.255540166204987
"Stratton, Chris",4,10.860799999999998,91.2259,80.3651,-0.3446818076172316,24.238227146814403,100.0,24.238227146814403
"Schultz, Paxton",4,8.385800000000003,93.7813,85.3955,-0.35384942215763976,23.961218836565095,100.0,23.961218836565095
"Anderson, Tyler",3,10.612200000000001,89.2878,78.6756,-0.6788113968463959,15.23545706371191,75.0,23.943905817174514
"Little, Brendon",3,6.55810000000001,93.5674,87.0093,-0.6795870262151693,15.096952908587259,75.0,23.840027700831026
"Clarke, Taylor",4,7.3200999999999965,94.8265,87.5064,-0.36616499685513443,23.545706371191137,100.0,23.545706371191137
"McGough, Scott",3,7.492800000000003,92.313,84.8202,-0.7200515938291622,14.40443213296399,75.0,23.320637119113574
"Brazobán, Huascar",4,5.701800000000006,96.4636,90.7618,-0.377286284409113,23.26869806094183,100.0,23.26869806094183
"Ross, Joe",4,7.392899999999997,94.615,87.2221,-0.3865936043286173,23.130193905817176,100.0,23.130193905817176
"Bowman, Matt",3,8.369399999999999,91.1165,82.7471,-0.7610482713509721,13.850415512465375,75.0,22.905124653739612
"Uceta, Edwin",3,5.526899999999998,93.9521,88.4252,-0.7866433836235238,13.29639889196676,75.0,22.48961218836565
"Hart, Kyle",5,10.162000000000006,91.4955,81.3335,-0.41587731187083465,22.299168975069254,100.0,22.299168975069254
"Suter, Brent",4,12.39240000000001,89.1008,76.7084,-0.4215596575497672,22.022160664819946,100.0,22.022160664819946
"Lee, Chase",3,9.592799999999997,89.4579,79.8651,-0.8165547526629073,12.60387811634349,75.0,21.9702216066482
"Wells, Tyler",3,6.395200000000003,92.8104,86.4152,-0.8206521536208825,12.465373961218837,75.0,21.866343490304708
"Hagenman, Justin",4,8.639100000000013,93.0229,84.3838,-0.428345746384279,21.74515235457064,100.0,21.74515235457064
"Chafin, Andrew",3,9.2256,89.718,80.4924,-0.8359856766915,11.911357340720222,75.0,21.45083102493075
"Gillispie, Connor",4,10.146900000000002,91.2642,81.1173,-0.4534159264435432,21.329639889196674,100.0,21.329639889196674
"Alexander, Tyler",5,10.562799999999996,90.8121,80.2493,-0.4553201028082954,21.191135734072024,100.0,21.191135734072024
"McCullers Jr., Lance",5,9.540700000000001,91.8258,82.2851,-0.4654221416033924,20.914127423822716,100.0,20.914127423822716
"Mantiply, Joe",3,9.7106,88.4338,78.7232,-0.9531310424492596,10.80332409972299,75.0,20.619806094182824
"Bubic, Kris",5,9.1952,92.1349,82.9397,-0.47393206008701033,20.3601108033241,100.0,20.3601108033241
"Elder, Bryce",4,8.522000000000006,92.7903,84.2683,-0.48244813052831487,20.083102493074794,100.0,20.083102493074794
"Lawrence, Casey",3,9.7697,87.4918,77.7221,-1.0866616942519802,9.833795013850416,75.0,19.892659279778393
"Hatch, Thomas",5,7.869699999999995,93.3262,85.4565,-0.5057530682711577,19.529085872576175,100.0,19.529085872576175
"Eisert, Brandon",3,6.0839,89.6873,83.6034,-1.3447478351138016,8.448753462603879,75.0,18.85387811634349
"Hendricks, Kyle",4,14.255099999999999,86.5018,72.2467,-0.5172579186915695,18.83656509695291,100.0,18.83656509695291
"Martin, Chris",4,6.3478000000000065,94.7487,88.4009,-0.5339868655343468,18.421052631578945,100.0,18.421052631578945
"Dunning, Dane",3,4.738399999999999,90.2324,85.494,-1.4778834084111092,7.617728531855955,75.0,18.230609418282548
"Webb, Logan",5,8.133799999999994,92.7721,84.6383,-0.5474998483901846,18.005540166204987,100.0,18.005540166204987
"Criswell, Cooper",3,5.008499999999998,89.4143,84.4058,-1.5587476864091598,7.202216066481995,75.0,17.918975069252078
"Ginn, J.T.",4,7.307199999999995,93.3779,86.0707,-0.5881599326071603,17.03601108033241,100.0,17.03601108033241
"Freeland, Kyle",6,9.002300000000005,91.5768,82.5745,-0.5896140281475784,16.897506925207757,100.0,16.897506925207757
"Festa, David",4,6.558500000000009,94.114,87.5555,-0.5965385548720954,16.481994459833796,100.0,16.481994459833796
"Mahle, Tyler",4,8.509100000000004,91.9661,83.457,-0.6096472553061129,16.343490304709142,100.0,16.343490304709142
"Gilbert, Tyler",5,9.461100000000002,90.5284,81.0673,-0.6751643830356611,15.512465373961218,100.0,15.512465373961218
"Raley, Brooks",4,9.337199999999996,90.6532,81.316,-0.6760977345652649,15.373961218836566,100.0,15.373961218836566
"Coulombe, Danny",4,9.5257,90.2929,80.7672,-0.7005523781444379,14.681440443213297,100.0,14.681440443213297
"Martin, Davis",4,5.890000000000001,93.9532,88.0632,-0.7282151906352554,14.265927977839334,100.0,14.265927977839334
"Junis, Jakob",4,8.185599999999994,91.1839,82.9983,-0.7803072874517328,13.573407202216067,100.0,13.573407202216067
"Jacob, Alek",4,13.427200000000013,85.2866,71.8594,-0.8345890731766442,12.18836565096953,100.0,12.18836565096953
"Williams, Trevor",5,10.9341,87.7431,76.809,-0.8616758257327164,11.634349030470915,100.0,11.634349030470915
"Fulmer, Carson",4,6.14970000000001,92.7412,86.5915,-0.8705497214734801,11.357340720221606,100.0,11.357340720221606
"Rodriguez, Eduardo",4,6.090599999999995,92.0264,85.9358,-0.9885528615062897,10.664819944598337,100.0,10.664819944598337
"Milner, Hoby",4,9.742899999999992,87.9262,78.1833,-1.0250116942450072,9.97229916897507,100.0,9.97229916897507
"Stroman, Marcus",4,7.6240999999999985,89.732,82.1079,-1.0908288111576798,9.695290858725762,100.0,9.695290858725762
