player_name,raw_tunneling_score,num_pairs,confidence,trusted_tunneling_score,tunneling_score
"Abbott, Andrew",-0.08585582934592291,3,0.3,-0.02575674880377687,12.048192771084338
"Abreu, Bryan",0.17219562190660276,1,0.1,0.017219562190660277,79.51807228915662
"Adam, Jason",-0.1139660179957522,1,0.1,-0.011396601799575221,24.497991967871485
"Akin, Keegan",-0.03136994465174433,1,0.1,-0.003136994465174433,38.95582329317269
"Alcantara, Sandy",-0.06182282474798742,10,1.0,-0.06182282474798742,3.614457831325301
"Alexander, Jason",0.03271655240169711,1,0.1,0.003271655240169711,52.208835341365464
"Alexander, Tyler",0.039635433319129235,3,0.3,0.01189062999573877,69.47791164658635
"Allen, Logan",-0.016320769698880227,6,0.6,-0.009792461819328135,26.506024096385545
"Anderson, Grant",0.14476653250574106,3,0.3,0.04342995975172232,95.98393574297188
"Anderson, Tyler",-0.005602863926030374,3,0.3,-0.0016808591778091123,41.76706827309237
"Armstrong, Shawn",-0.23609145722009423,1,0.1,-0.023609145722009423,12.851405622489958
"Ashcraft, Graham",0.020859314903531354,1,0.1,0.0020859314903531353,49.79919678714859
"Baker, Bryan",0.0900262485628505,1,0.1,0.00900262485628505,64.2570281124498
"Banda, Anthony",0.13277486168424077,1,0.1,0.013277486168424078,72.28915662650603
"Bassitt, Chris",0.18688221166514873,3,0.3,0.05606466349954462,97.59036144578313
"Baz, Shane",0.03682624435136602,6,0.6,0.022095746610819613,84.73895582329317
"Bazardo, Eduard",0.3221491185045065,1,0.1,0.03221491185045065,91.16465863453816
"Beeks, Jalen",-0.025886998882103922,1,0.1,-0.0025886998882103922,40.562248995983936
"Bello, Brayan",-0.06948759813851535,10,1.0,-0.06948759813851535,2.0080321285140563
"Bellozo, Valente",-0.139092902006486,1,0.1,-0.0139092902006486,20.883534136546185
"Bergert, Ryan",-0.04401639614307121,1,0.1,-0.0044016396143071205,36.54618473895582
"Berríos, José",-0.007884983508351444,6,0.6,-0.004730990105010866,35.34136546184739
"Bibee, Tanner",-0.022947836178030447,10,1.0,-0.022947836178030447,13.654618473895583
"Bido, Osvaldo",0.068588004888415,1,0.1,0.0068588004888415,59.83935742971887
"Bird, Jake",0.13825104462621182,1,0.1,0.013825104462621182,73.09236947791165
"Bivens, Spencer",-0.09883385761523633,1,0.1,-0.009883385761523634,26.104417670682732
"Boyd, Matthew",0.20342546678595932,3,0.3,0.0610276400357878,98.39357429718876
"Boyle, Joe",-0.06738243308550763,1,0.1,-0.006738243308550764,31.32530120481928
"Bradley, Taj",0.004726417031826142,6,0.6,0.0028358502190956847,50.602409638554214
"Brazobán, Huascar",-0.1713289298859407,1,0.1,-0.01713289298859407,16.867469879518072
"Brogdon, Connor",0.004126295183017101,1,0.1,0.0004126295183017101,46.98795180722892
"Brown, Ben",0.12515946244590148,1,0.1,0.012515946244590148,71.08433734939759
"Brown, Hunter",0.005606089375146496,10,1.0,0.005606089375146496,57.831325301204814
"Bubic, Kris",0.017556767387015657,3,0.3,0.0052670302161046964,57.028112449799195
"Buehler, Walker",-0.08505978941218738,6,0.6,-0.05103587364731243,4.819277108433735
"Bummer, Aaron",0.171690204217355,1,0.1,0.0171690204217355,79.11646586345381
"Burke, Sean",0.11591192557422882,3,0.3,0.034773577672268643,92.3694779116466
"Burrows, Mike",-0.1095749433965588,3,0.3,-0.032872483018967634,9.63855421686747
"Cabrera, Edward",0.03383966806666424,6,0.6,0.020303800839998543,83.53413654618474
"Cameron, Noah",0.008197973611353045,10,1.0,0.008197973611353045,63.05220883534136
"Canning, Griffin",-0.04072878961912564,3,0.3,-0.012218636885737691,22.89156626506024
"Cannon, Jonathan",-0.09425871751001759,6,0.6,-0.05655523050601055,4.417670682730924
"Cantillo, Joey",0.0606876614390831,1,0.1,0.00606876614390831,58.23293172690763
"Casparius, Ben",-0.05204167730604728,3,0.3,-0.015612503191814182,19.27710843373494
"Castillo, Luis",-0.005055562006870063,3,0.3,-0.001516668602061019,42.570281124497996
"Cease, Dylan",0.000342517608418659,1,0.1,3.4251760841865904e-05,46.1847389558233
"Cecconi, Slade",0.19445908892498395,3,0.3,0.058337726677495184,97.99196787148594
"Chapman, Aroldis",-0.2532907475551979,1,0.1,-0.025329074755519793,12.449799196787147
"Chivilli, Angel",-0.09017868050336425,1,0.1,-0.009017868050336426,28.915662650602407
"Civale, Aaron",0.06228684549114712,3,0.3,0.018686053647344138,81.12449799196787
"Cleavinger, Garrett",0.03412069309518561,1,0.1,0.003412069309518561,53.01204819277109
"Corbin, Patrick",0.010322858670497124,3,0.3,0.003096857601149137,51.40562248995983
"Crochet, Garrett",0.01510313804773947,6,0.6,0.009061882828643682,64.65863453815261
"De Los Santos, Enyel",-0.007085530245925422,1,0.1,-0.0007085530245925422,44.17670682730924
"Detmers, Reid",0.07637947117508748,1,0.1,0.007637947117508748,62.65060240963856
"Dollander, Chase",0.4025763637954019,1,0.1,0.04025763637954019,95.18072289156626
"Doval, Camilo",0.09765895633938383,1,0.1,0.009765895633938385,66.26506024096386
"Dreyer, Jack",0.02015499081856432,1,0.1,0.0020154990818564322,49.39759036144578
"Duran, Jhoan",-0.20637379780601214,1,0.1,-0.020637379780601216,14.457831325301203
"Díaz, Edwin",0.08865115173301363,1,0.1,0.008865115173301364,63.85542168674698
"Eisert, Brandon",-0.1717720873392515,1,0.1,-0.017177208733925153,16.46586345381526
"Elder, Bryce",-0.053763642681566096,3,0.3,-0.01612909280446983,18.87550200803213
"Eovaldi, Nathan",0.027495054678940596,6,0.6,0.016497032807364358,77.10843373493977
"Estrada, Jeremiah",0.24201971920606496,1,0.1,0.024201971920606496,85.54216867469879
"Evans, Logan",-0.11669300252160393,1,0.1,-0.011669300252160394,24.096385542168676
"Fairbanks, Pete",0.23366685435740583,1,0.1,0.023366685435740584,85.14056224899599
"Falter, Bailey",0.003411854280290329,1,0.1,0.00034118542802903293,46.58634538152611
"Fedde, Erick",0.03119333779218065,6,0.6,0.018716002675308388,81.52610441767068
"Festa, Matt",-0.006420034293487317,1,0.1,-0.0006420034293487317,44.57831325301205
"Finnegan, Kyle",-0.0020532183261610304,1,0.1,-0.00020532183261610305,44.97991967871486
"Fisher, Braydon",-0.09290974409896452,1,0.1,-0.009290974409896452,27.710843373493976
"Flaherty, Jack",0.09814813429719593,3,0.3,0.02944444028915878,87.95180722891565
"Fluharty, Mason",0.07333582335751197,1,0.1,0.007333582335751198,60.6425702811245
"Freeland, Kyle",0.018444068859954456,6,0.6,0.011066441315972673,68.67469879518072
"Fried, Max",0.1280610676904608,10,1.0,0.1280610676904608,100.0
"Gaddis, Hunter",-0.08250669057164174,1,0.1,-0.008250669057164175,30.522088353413658
"Gallen, Zac",0.028209489056492947,6,0.6,0.01692569343389577,78.3132530120482
"Garcia, Robert",-0.044970378703936574,3,0.3,-0.013491113611180971,21.285140562248998
"Gausman, Kevin",0.03984603008782473,1,0.1,0.003984603008782474,54.61847389558233
"Gilbert, Logan",0.010586190896225053,3,0.3,0.0031758572688675157,51.80722891566265
"Ginn, J.T.",0.12674465635928,1,0.1,0.012674465635928,71.4859437751004
"Giolito, Lucas",-0.019346317950592305,3,0.3,-0.005803895385177691,33.33333333333333
"Glasnow, Tyler",0.10448579839209647,6,0.6,0.06269147903525787,98.79518072289156
"Gordon, Colton",0.303578023125173,1,0.1,0.030357802312517303,89.5582329317269
"Gordon, Tanner",-0.014944805127176724,3,0.3,-0.004483441538153017,36.144578313253014
"Gore, MacKenzie",0.1081901077224985,3,0.3,0.03245703231674955,91.56626506024097
"Gray, Sonny",-0.03052605302415682,6,0.6,-0.018315631814494093,15.66265060240964
"Green, Chad",-0.05515380757681901,1,0.1,-0.005515380757681901,34.13654618473896
"Greene, Hunter",0.1479789695293935,1,0.1,0.01479789695293935,74.69879518072288
"Hader, Josh",0.266685234931354,1,0.1,0.0266685234931354,86.34538152610442
"Hancock, Emerson",-0.11843983705233255,3,0.3,-0.03553195111569976,8.032128514056225
"Heaney, Andrew",-0.0075827237832391875,3,0.3,-0.002274817134971756,41.365461847389554
"Helsley, Ryan",0.054773426772382144,1,0.1,0.005477342677238215,57.42971887550201
"Hendricks, Kyle",-0.11898602241590353,3,0.3,-0.03569580672477106,7.630522088353414
"Henriquez, Ronny",0.011801033332992096,3,0.3,0.003540309999897629,53.41365461847389
"Herget, Jimmy",0.10355641735577553,3,0.3,0.031066925206732657,90.36144578313254
"Hoffman, Jeff",-0.027982021370830064,3,0.3,-0.008394606411249018,30.120481927710845
"Holmes, Clay",-0.012288211530986559,3,0.3,-0.0036864634592959676,37.75100401606426
"Holmes, Grant",-0.04327951275265227,3,0.3,-0.012983853825795682,22.08835341365462
"Holton, Tyler",-0.13219509958717324,1,0.1,-0.013219509958717325,21.686746987951807
"Horton, Cade",0.10498215722258505,1,0.1,0.010498215722258506,68.27309236947792
"Houser, Adrian",-0.12556088436955223,3,0.3,-0.037668265310865666,7.228915662650602
"Hurter, Brant",0.17603276633915468,1,0.1,0.01760327663391547,80.72289156626506
"Iglesias, Raisel",-0.15349463219275422,1,0.1,-0.015349463219275423,19.67871485943775
"Imanaga, Shota",0.025405882504376736,3,0.3,0.00762176475131302,62.24899598393574
"Irvin, Jake",0.05128119501718295,6,0.6,0.030768717010309768,89.95983935742971
"Junis, Jakob",0.16779005750925438,1,0.1,0.01677900575092544,77.91164658634538
"Junk, Janson",-0.03619559759605186,1,0.1,-0.0036195597596051857,38.152610441767074
"Keller, Mitch",-0.02090192012655717,6,0.6,-0.0125411520759343,22.48995983935743
"Kelly, Merrill",-0.2036216258460603,6,0.6,-0.12217297550763617,0.8032128514056224
"Kerkering, Orion",0.31154644554752436,1,0.1,0.031154644554752437,90.76305220883533
"Kershaw, Clayton",0.1246342499142585,3,0.3,0.03739027497427755,93.17269076305222
"Kikuchi, Yusei",0.06326771369185184,6,0.6,0.037960628215111106,93.97590361445783
"King, Michael",-0.11358597526733091,1,0.1,-0.011358597526733093,24.899598393574294
"Kirby, George",-0.03577357299398921,3,0.3,-0.010732071898196761,25.301204819277107
"Kochanowicz, Jack",-0.16811942060259272,3,0.3,-0.05043582618077781,5.220883534136546
"Kolek, Stephen",0.002752604677335204,3,0.3,0.0008257814032005612,47.791164658634536
"Kremer, Dean",0.044967367193018935,10,1.0,0.044967367193018935,96.3855421686747
"Latz, Jacob",-0.0002643356424452091,3,0.3,-7.930069273356272e-05,45.78313253012048
"Lauer, Eric",-0.08983441127400685,1,0.1,-0.008983441127400685,29.31726907630522
"Leahy, Kyle",-0.04560250925684005,1,0.1,-0.004560250925684005,35.7429718875502
"Leasure, Jordan",0.018996707106792746,1,0.1,0.0018996707106792748,48.99598393574297
"Leiter Jr., Mark",-0.11776482837749043,1,0.1,-0.011776482837749043,23.694779116465863
"Leiter, Jack",-0.02715985915476271,6,0.6,-0.016295915492857627,18.473895582329316
"Liberatore, Matthew",-0.10342447891120145,3,0.3,-0.031027343673360432,10.040160642570282
"Littell, Zack",-0.10703937396030472,6,0.6,-0.06422362437618283,3.2128514056224895
"Little, Brendon",0.12870784729974238,1,0.1,0.012870784729974239,71.8875502008032
"Lodolo, Nick",-0.028159345554352677,6,0.6,-0.016895607332611605,17.269076305220885
"Lopez, Jacob",0.30107405318769803,1,0.1,0.030107405318769806,88.75502008032129
"Lord, Brad",-0.05762990675253835,6,0.6,-0.03457794405152301,8.433734939759036
"Lorenzen, Michael",-0.00992676749689906,6,0.6,-0.005956060498139436,32.1285140562249
"Lugo, Seth",0.06424551932292097,6,0.6,0.03854731159375258,94.37751004016064
"Luzardo, Jesús",0.004951852952065817,6,0.6,0.0029711117712394905,51.00401606425703
"López, Pablo",-0.10264940621267084,1,0.1,-0.010264940621267085,25.702811244979916
"Mahle, Tyler",-0.05866117290703205,1,0.1,-0.005866117290703205,32.93172690763052
"Manaea, Sean",0.25806123359185285,1,0.1,0.025806123359185286,85.94377510040161
"Martin, Davis",-0.15947741087588743,6,0.6,-0.09568644652553246,1.2048192771084338
"Martinez, Nick",-0.05571420118757086,6,0.6,-0.033428520712542514,8.835341365461847
"Matsui, Yuki",-0.08946253208296666,1,0.1,-0.008946253208296666,29.71887550200803
"Matthews, Zebby",0.036444588614950535,1,0.1,0.003644458861495054,53.81526104417671
"May, Dustin",0.06674525384302624,3,0.3,0.02002357615290787,83.13253012048193
"McGreevy, Michael",-0.008914534159869036,3,0.3,-0.0026743602479607107,39.75903614457831
"Mears, Nick",0.03297668941836935,1,0.1,0.003297668941836935,52.610441767068274
"Megill, Trevor",0.14565777251142314,1,0.1,0.014565777251142316,74.29718875502009
"Mejia, Juan",0.17446899793845672,1,0.1,0.01744689979384567,79.91967871485943
"Mikolas, Miles",0.030215615691886195,10,1.0,0.030215615691886195,89.1566265060241
"Miller, Bryce",0.014880456360508332,3,0.3,0.004464136908152499,55.42168674698795
"Miller, Mason",0.17455194433604898,1,0.1,0.0174551944336049,80.32128514056225
"Misiorowski, Jacob",-0.0711554498923722,1,0.1,-0.0071155449892372205,30.923694779116467
"Mize, Casey",-0.10868491437841779,6,0.6,-0.06521094862705067,2.8112449799196786
"Montero, Keider",-0.03990271104162465,3,0.3,-0.011970813312487394,23.293172690763054
"Montero, Rafael",-0.04028233686743028,1,0.1,-0.004028233686743029,36.94779116465863
"Montgomery, Mason",-0.008717863991489048,1,0.1,-0.0008717863991489048,43.373493975903614
"Morton, Charlie",0.04076110805595062,3,0.3,0.012228332416785186,70.28112449799197
"Márquez, Germán",-0.030140403961330255,3,0.3,-0.009042121188399076,28.514056224899598
"Nelson, Ryne",0.11145961553647032,1,0.1,0.011145961553647034,69.07630522088354
"Newcomb, Sean",0.13255648370540749,3,0.3,0.039766945111622244,94.77911646586345
"Nola, Aaron",0.02550844320701867,6,0.6,0.0153050659242112,75.50200803212851
"Ober, Bailey",-0.10299916531029689,3,0.3,-0.030899749593089065,10.441767068273093
"Okert, Steven",0.025200322453775105,1,0.1,0.0025200322453775106,50.20080321285141
"Ortiz, Luis",0.021988964496040982,3,0.3,0.006596689348812294,59.43775100401606
"Paddack, Chris",0.03407697736164628,3,0.3,0.010223093208493883,67.8714859437751
"Pallante, Andre",-0.05535673292441689,3,0.3,-0.016607019877325067,18.072289156626507
"Parker, Mitchell",0.2454825553779352,3,0.3,0.07364476661338056,99.59839357429718
"Patrick, Chad",-0.050693885401429405,3,0.3,-0.01520816562042882,20.080321285140563
"Pepiot, Ryan",-0.008724864193432427,3,0.3,-0.002617459258029728,40.16064257028113
"Peralta, Freddy",0.135782361702436,3,0.3,0.04073470851073079,95.58232931726907
"Peralta, Wandy",0.046306185460078676,1,0.1,0.004630618546007868,56.22489959839358
"Peterson, David",0.0074075432958214055,10,1.0,0.0074075432958214055,61.44578313253012
"Pfaadt, Brandon",0.007405196924213049,10,1.0,0.007405196924213049,61.044176706827315
"Pivetta, Nick",0.1262215185168974,3,0.3,0.03786645555506921,93.57429718875501
"Povich, Cade",0.20475814703593778,1,0.1,0.02047581470359378,83.93574297188755
"Priester, Quinn",-0.06874778824666168,3,0.3,-0.020624336473998504,14.859437751004014
"Pérez, Eury",0.1576475274566511,1,0.1,0.01576475274566511,76.30522088353415
"Quantrill, Cal",-0.11037204763567693,3,0.3,-0.03311161429070308,9.236947791164658
"Quintana, Jose",-0.010353233655851009,3,0.3,-0.0031059700967553026,39.3574297188755
"Rasmussen, Drew",-0.0683525431047814,3,0.3,-0.020505762931434416,15.261044176706829
"Ray, Robbie",-0.0932463479349488,3,0.3,-0.02797390438048464,10.843373493975903
"Rea, Colin",-0.1961857169132835,3,0.3,-0.05885571507398504,4.016064257028113
"Rocker, Kumar",0.03770434688470366,1,0.1,0.003770434688470366,54.21686746987952
"Rodriguez, Eduardo",-0.15775871806929415,6,0.6,-0.09465523084157648,1.6064257028112447
"Rodríguez, Randy",0.09437110701769577,1,0.1,0.009437110701769579,65.46184738955823
"Rodríguez, Yariel",0.08344042879393777,1,0.1,0.008344042879393778,63.45381526104418
"Rodón, Carlos",0.028313798814471623,6,0.6,0.016988279288682972,78.714859437751
"Rogers, Taylor",0.2128958980984925,1,0.1,0.02128958980984925,84.33734939759037
"Rogers, Trevor",-0.13466409888477654,3,0.3,-0.04039922966543296,6.425702811244979
"Roupp, Landen",0.22586051024687107,3,0.3,0.06775815307406131,99.19678714859438
"Rutledge, Jackson",0.09918634298749796,1,0.1,0.009918634298749797,66.66666666666666
"Ryan, Joe",-0.0028117920483563276,3,0.3,-0.0008435376145068983,43.77510040160642
"Sale, Chris",0.3522925268723819,1,0.1,0.03522925268723819,92.7710843373494
"Sands, Cole",-0.13980104965148007,1,0.1,-0.013980104965148009,20.481927710843372
"Santana, Dennis",-0.024076058130399442,1,0.1,-0.0024076058130399446,40.963855421686745
"Scherzer, Max",-0.01609081130072974,1,0.1,-0.0016090811300729741,42.168674698795186
"Schwellenbach, Spencer",0.1425934760681045,1,0.1,0.01425934760681045,73.89558232931726
"Scott, Tanner",-0.011599527505771692,1,0.1,-0.0011599527505771693,42.971887550200805
"Sears, JP",0.09067383033093655,3,0.3,0.027202149099280964,87.14859437751004
"Senga, Kodai",-0.07620094781776207,3,0.3,-0.02286028434532862,14.056224899598394
"Senzatela, Antonio",0.16572037675211415,3,0.3,0.049716113025634244,96.78714859437751
"Severino, Luis",-0.00954639392105812,6,0.6,-0.005727836352634872,33.734939759036145
"Sheehan, Emmet",0.013722798356787464,1,0.1,0.0013722798356787464,48.59437751004016
"Singer, Brady",0.05018133763663166,3,0.3,0.015054401290989497,75.1004016064257
"Skenes, Paul",-0.023434704655063057,10,1.0,-0.023434704655063057,13.253012048192772
"Skubal, Tarik",-0.044352039749444516,6,0.6,-0.02661122384966671,11.646586345381527
"Smith, Cade",-0.061414225576369094,1,0.1,-0.006141422557636909,31.72690763052209
"Smith, Shane",-0.09233333724249992,3,0.3,-0.027700001172749976,11.244979919678714
"Smith-Shawver, AJ",0.040605326296557595,1,0.1,0.004060532629655759,55.020080321285135
"Snell, Blake",0.09997616492341686,3,0.3,0.029992849477025057,88.35341365461848
"Soriano, José",0.19686454590499786,1,0.1,0.019686454590499787,82.32931726907631
"Soroka, Michael",0.2713925153746589,1,0.1,0.027139251537465894,86.74698795180723
"Soto, Gregory",0.07303942378658157,1,0.1,0.007303942378658158,60.24096385542169
"Sousa, Bennett",0.050012575845271294,1,0.1,0.00500125758452713,56.62650602409639
"Spence, Mitch",0.052416041142376635,3,0.3,0.01572481234271299,75.90361445783132
"Springs, Jeffrey",0.06607225927841062,3,0.3,0.019821677783523187,82.73092369477911
"Strahm, Matt",0.16476411461111595,1,0.1,0.016476411461111597,76.70682730923694
"Strider, Spencer",0.07527936753439825,1,0.1,0.007527936753439825,61.84738955823293
"Suarez, Ranger",0.004612185965178503,10,1.0,0.004612185965178503,55.82329317269076
"Sugano, Tomoyuki",-0.13012847434058997,10,1.0,-0.13012847434058997,0.4016064257028112
"Sánchez, Cristopher",0.0035838724716577928,3,0.3,0.0010751617414973377,48.19277108433735
"Taillon, Jameson",-0.011273506462961996,3,0.3,-0.003382051938888599,38.55421686746988
"Uceta, Edwin",-0.04773317520933448,1,0.1,-0.004773317520933448,34.93975903614458
"Uribe, Abner",0.09548374141830385,1,0.1,0.009548374141830386,65.86345381526104
"Valdez, Framber",0.030580945993993462,3,0.3,0.009174283798198039,65.06024096385542
"Vargas, Carlos",0.06408835221532982,1,0.1,0.006408835221532983,59.036144578313255
"Varland, Louis",0.12171848037353675,1,0.1,0.012171848037353675,69.87951807228916
"Verlander, Justin",0.09231726139930577,3,0.3,0.02769517841979173,87.55020080321285
"Vesia, Alex",0.008123663410562386,1,0.1,0.0008123663410562386,47.389558232931726
"Vásquez, Randy",-0.22720733972243995,3,0.3,-0.06816220191673199,2.4096385542168677
"Wacha, Michael",-0.03839000843328433,10,1.0,-0.03839000843328433,6.827309236947792
"Walker, Ryan",0.141963374196321,1,0.1,0.0141963374196321,73.49397590361446
"Walker, Taijuan",-0.1483958173248559,3,0.3,-0.04451874519745677,6.024096385542169
"Warren, Will",-0.015980687777504797,6,0.6,-0.009588412666502878,26.907630522088354
"Weaver, Luke",-0.09574475041177188,1,0.1,-0.009574475041177189,27.309236947791167
"Webb, Jacob",-0.037538118730974346,1,0.1,-0.0037538118730974348,37.34939759036144
"Webb, Logan",-0.03054217196834984,3,0.3,-0.009162651590504951,28.11244979919679
"Weissert, Greg",-0.17785220941696678,1,0.1,-0.01778522094169668,16.06425702811245
"Wentz, Joey",0.11407508511336409,3,0.3,0.03422252553400922,91.96787148594377
"Wheeler, Zack",0.020850511795355114,3,0.3,0.006255153538606534,58.63453815261044
"Whitlock, Garrett",0.12384672835934221,1,0.1,0.012384672835934222,70.68273092369478
"Williams, Devin",0.1676792532974418,1,0.1,0.01676792532974418,77.51004016064257
"Williams, Gavin",0.09315726929550866,6,0.6,0.05589436157730519,97.18875502008032
"Williams, Trevor",0.09974714670010747,1,0.1,0.009974714670010747,67.06827309236948
"Wilson, Justin",-0.05899466087962646,1,0.1,-0.005899466087962647,32.53012048192771
"Woo, Bryan",-0.15049746018681642,3,0.3,-0.04514923805604493,5.622489959839357
"Woods Richardson, Simeon",-0.0011802376697359633,1,0.1,-0.00011802376697359633,45.38152610441767
"Wrobleski, Justin",0.10170624881565703,1,0.1,0.010170624881565704,67.46987951807229
"Yamamoto, Yoshinobu",0.03221220155161544,6,0.6,0.019327320930969262,81.92771084337349
"Yates, Kirby",-0.16780407551812518,1,0.1,-0.01678040755181252,17.670682730923694
"Zerpa, Angel",0.13501521927691498,1,0.1,0.013501521927691499,72.69076305220884
"deGrom, Jacob",-0.05355621392361467,1,0.1,-0.005355621392361468,34.53815261044177
