player_name,season,p_throws,total_pitches,release_x,release_z,extension,avg_velo,map_x,map_y
"Abbott, Cory",2022,R,845.0,-2.54265352,5.67148709,6.1583821400000005,88.51785156,-0.34086092373549487,-0.3043367542467342
"Abreu, Albert",2022,R,747.0,-1.8949016000000003,5.71022076,6.5576750399999995,94.44549892,-1.4815678264611234,1.2288963064605087
"Abreu, Bryan",2022,R,1213.0,-2.05288364,5.76973551,6.43180394,91.92756721999999,-0.968850622180352,0.677985534586173
"Acevedo, Domingo",2022,R,989.0,-2.00385164,5.46860184,5.78201378,89.38200001999999,0.10986160888620354,-0.34694725471834126
"Adam, Jason",2022,R,963.0,-1.6563206400000001,5.938769519999999,6.54609606,88.43843103,-0.3821451680151354,0.04892682609290511
"Adon, Joan",2022,R,1278.0,-2.603856054394561,6.031207789221079,6.315383361663834,90.74005628437158,-0.6727809160214946,0.6990664121484008
"Akin, Keegan",2022,L,1283.0,2.28621857,5.96220096,5.862111690000001,89.24665414,1.8215929140398248,0.35535258228561367
"Alcantara, Sandy",2022,R,3148.0,-2.108428112811281,6.052728182818282,5.90401107110711,94.39173092309228,-0.4511497022740207,1.6219306232368194
"Alexander, Jason",2022,R,1160.0,-2.3091092290770923,5.409568933106689,6.244305469453056,88.10252200779921,-0.4771564426529711,-0.7284669395852138
"Alexander, Scott",2022,L,214.0,1.8340462700000002,5.736987690000001,6.124800130000001,90.23734606000001,1.0271271017014336,0.3109184414041942
"Alexander, Tyler",2022,L,1560.0,1.9437914991499152,5.740842584258426,6.277769666966697,86.11324780478047,1.4507443340692738,-0.6887413889990288
"Allard, Kolby",2022,L,299.0,1.8201953800000001,5.450182400000001,6.038796270000001,87.21696438000001,1.3955145961196054,-0.7959010384172615
"Allen, Logan",2022,L,223.0,2.02007896,6.06292308,5.876671780000001,85.63857390999999,2.287335763762229,-0.40930594456640146
"Almonte, Yency",2022,R,510.0,-1.6939727172717272,5.669187238723873,6.651151785178517,89.81996397639764,-0.901109348473534,0.04985560893791898
"Alvarado, José",2022,L,1031.0,1.1553533100000002,6.523845250000001,6.76060771,97.00879789,-0.5595622567905807,2.9702535660106464
"Alvarez, Jose",2022,L,273.0,2.05099066,5.72843228,6.4596687,86.50079941999999,1.1782068048961072,-0.600707025657765
"Anderson, Chase",2022,R,523.0,-1.302624407559244,5.9641983101689835,5.912996800319969,87.19628377162284,0.7940530957654399,-0.23520370765084464
"Anderson, Ian",2022,R,2005.0,-1.57631305,6.2418133000000005,6.90369654,89.76247586,-0.8431654844220675,0.7703312140996539
"Anderson, Tyler",2022,L,2662.0,1.91483022,6.014036500000001,6.10058516,85.67843918,1.9109902655646356,-0.45675571429703066
"Arano, Víctor",2022,R,697.0,-1.99603041,5.91155073,6.20971735,89.70699160000001,-0.24260770528527859,0.3064150047331296
"Archer, Chris",2022,R,1837.0,-1.3608837516248375,6.2592067593240674,6.173580131986801,89.68787848215177,0.24430232841170463,0.7559741297697775
"Arihara, Kohei",2022,R,390.0,-2.736668,5.736004330000001,6.68896809,85.79164361000001,-0.698748308632506,-0.8798266035474687
"Armstrong, Shawn",2022,R,1055.0,-1.99877245,5.88784893,6.605019120000001,93.83573921000001,-1.3857901776862178,1.3025245024216119
"Ashby, Aaron",2022,L,1878.0,0.67471869,6.31162677,5.52228113,88.72051317,2.009773173109094,0.6156648032272047
"Ashcraft, Graham",2022,R,1689.0,-1.297062503749625,6.197624607539247,5.591825267473252,94.08900274972503,0.38813726399662,1.7413118914279806
"Assad, Javier",2022,R,610.0,-1.8300680100000002,5.913204499999999,6.55918721,89.26371884999999,-0.5944479032673604,0.21518731595320337
"Baker, Bryan",2022,R,1198.0,-0.67227776,6.556821759999999,6.49164288,91.69469584,-0.05162121802721658,1.6523415156128114
"Banda, Anthony",2022,L,597.0,1.8396518148185181,5.710934776522348,6.236173112688729,90.1364692530747,0.8763926801428865,0.25697262664681225
"Banks, Tanner",2022,L,897.0,2.4406402000000003,6.282651900000001,5.87925824,88.8736145,2.1022950026866916,0.6731352440377713
"Banuelos, Manny",2022,L,802.0,1.9121703600000002,5.51775271,6.372086339999999,87.66336124,0.9528496883773971,-0.5878885252525612
"Bard, Daniel",2022,R,1014.0,-1.9200267126712673,5.819047874787479,5.961236643664367,93.54985216521652,-0.48585831312397,1.1267057109055563
"Bard, Luke",2022,R,241.0,-1.56026752,5.5146482,6.3846685999999995,87.93724476000001,-0.31799671065776625,-0.6126732865102631
"Barlow, Joe",2022,R,554.0,-0.31767513751375137,5.724601910191018,5.997795739573958,89.04676719671964,0.6109446955992168,-0.05587996618342409
"Barlow, Scott",2022,R,1198.0,-2.00473613,5.1528547200000006,6.79874408,84.69982689,-0.7936106742196846,-1.8623735712167446
"Barnes, Jacob",2022,R,396.0,-1.91698662,5.744305880000001,6.74090378,91.36709408,-1.2762384416883494,0.5217078503835103
"Barnes, Matt",2022,R,693.0,-1.60690582,6.20693807,6.76566959,89.31612497,-0.62401170689336,0.6114892805825578
"Barria, Jaime",2022,R,1138.0,-1.9294331533153317,6.483776647664766,6.023551385138514,87.87129239923992,0.6472791539055033,0.5744969275371301
"Bass, Anthony",2022,R,1027.0,-1.50879733,5.84176325,6.3988295,90.04915403,-0.4209263017236587,0.3207355585258164
"Bassitt, Chris",2022,R,3106.0,-1.203981861813819,5.594177892210779,6.215926247375262,86.50839148085191,0.28883249851813647,-0.8592596941415135
"Baumann, Mike",2022,R,541.0,-1.7725484200000001,6.43772225,6.42358455,92.0920578,-0.473471206976782,1.5691721174956799
"Bautista, Félix",2022,R,1007.0,-0.6801684500000001,6.981744140000001,6.442717480000001,94.52291235000001,-0.13221615705072345,2.8815920261003742
"Baz, Shane",2022,R,444.0,-1.5323173817381737,5.8819296429642955,6.534894909490949,90.28827638763876,-0.6233955525873163,0.4339562580812515
"Bazardo, Eduard",2022,R,214.0,-2.16496436,5.67674182,5.76776531,88.59957225000001,0.3126863334264669,-0.28059382015810386
"Beasley, Jeremy",2022,R,271.0,-1.9847025002500251,5.759229792979298,6.340978637863787,90.79576901690169,-0.6661604187755636,0.3857273237812814
"Bednar, David",2022,R,890.0,-2.274463646364637,5.8209988998899895,6.452451685168517,89.54715627562756,-0.7019466044225487,0.15350190327234406
"Beede, Tyler",2022,R,1072.0,-1.83300057,5.36276727,6.50625009,89.7270176,-0.9277180603728697,-0.368297676163575
"Beeks, Jalen",2022,L,1028.0,0.743924487551245,6.127495370462955,6.5447586441355865,92.40672750724927,0.005467943075039374,1.3224994520856814
"Bellatti, Andrew",2022,R,1070.0,-1.59619088,5.470919520000001,5.87721556,89.58312276000001,0.0956450691163847,-0.2811991810534091
"Bello, Brayan",2022,R,997.0,-2.052136596340366,5.403111098890111,6.371514608539147,91.94766431356865,-1.114607454645277,0.2178032317880624
"Bender, Anthony",2022,R,310.0,-1.3457079,5.80173455,5.902567780000001,92.68854047,-0.09296366215201862,0.9061712485014272
"Berríos, José",2022,R,2787.0,-2.85821458,5.4061900000000005,6.40414062,89.09471437,-1.0299820033949612,-0.4980501662970899
"Bickford, Phil",2022,R,1006.0,-2.49963801,5.09081594,6.822819109999999,90.63587346999999,-1.887164407010128,-0.4955974373882475
"Bieber, Shane",2022,R,3075.0,-1.30232692,5.5798670800000005,6.62746142,87.01222339,-0.38495354051968017,-0.7429286910395102
"Bielak, Brandon",2022,R,226.0,-1.5675463753624634,6.297201369863013,5.468597560243975,89.17319228077191,1.22591357962895,0.6496781994691898
"Bird, Jake",2022,R,713.0,-2.48561663,5.34297593,5.7692947100000005,92.03374871,-0.49790760598993544,0.13251750827394124
"Blach, Ty",2022,L,682.0,2.8231173117311736,6.154066226622662,5.247651425142514,86.87308466846684,3.300607726827528,0.009060903134296984
"Blackburn, Paul",2022,R,1762.0,-1.7536672367236723,5.964236223622362,6.285299939994,87.22535452545254,0.12712706771093063,-0.22752546606936502
"Bleier, Richard",2022,L,821.0,3.02478106,5.928048619999999,6.64642997,86.77905897,1.3474520679739737,-0.24938325318426274
"Bolaños, Ronald",2022,R,332.0,-1.97916452,6.14738738,6.58372964,88.39008608,-0.4110324678838557,0.29361260771071523
"Borucki, Ryan",2022,L,436.0,1.89979524,5.59577848,6.627521399999999,91.0246692,0.16843405470432515,0.34362696711473173
"Boxberger, Brad",2022,R,1107.0,-1.4282395739573959,5.775254725472546,5.620346294629464,88.88211905190519,0.7900264532598162,-0.07275476532942897
"Boyd, Matthew",2022,L,200.0,2.351397,5.512897499999999,6.120488,86.022013,1.6797403445119843,-0.9937977585984269
"Bradish, Kyle",2022,R,2045.0,-1.66766916,6.39542928,6.529826259999999,90.53758261,-0.38439734597793934,1.1402900231833084
"Bradley, Archie",2022,R,339.0,-1.7682270627062706,6.097655225522551,6.625635453545355,88.41659068906891,-0.42855239015481805,0.2440116633072153
"Brash, Matt",2022,R,1029.0,-2.33891641,5.266436649999999,6.43387733,89.79161092,-1.0745313257332172,-0.48937074153665255
"Brasier, Ryan",2022,R,985.0,-1.37965702,5.71257664,6.74305384,91.34069548,-1.1071988152314578,0.48890429623872483
"Brazobán, Huascar",2022,R,670.0,-1.68647853,5.84273222,5.79326148,91.20314219,0.17422827145849976,0.5811748609326409
"Brebbia, John",2022,R,1076.0,-1.8588902600000001,5.815313010000001,6.72864546,88.77083768,-0.8239852035004442,-0.024742862160596478
"Brieske, Beau",2022,R,1287.0,-1.0665399360063994,6.038067433256675,5.809479582041796,89.21598498150185,0.7731128396161177,0.35653747899869953
"Brigham, Jeff",2022,R,393.0,-2.3383581299999996,5.539075840000001,6.07433374,87.47905209000001,-0.08795222284979441,-0.724096825082506
"Brogdon, Connor",2022,R,825.0,-2.5751664799999996,5.82101014,7.026903280000001,88.66192584,-1.45981505939657,-0.052926112620929895
"Brown, Hunter",2022,R,375.0,-1.41508237,6.16562283,6.55252602,91.7000447,-0.6344588784297757,1.1424452885538503
"Brubaker, JT",2022,R,2432.0,-2.30666292,6.20300154,5.64578032,88.7035058,0.7367872545836904,0.40225269660783514
"Bruihl, Justin",2022,L,341.0,3.0351857399999997,5.5467236,6.68212304,84.9937528,1.3243003567473839,-1.1679344061901376
"Bubic, Kris",2022,L,2262.0,1.66589083,5.70962765,6.54029639,86.06958970999999,0.984503976006472,-0.7375219046942995
"Buehler, Walker",2022,R,1131.0,-0.9461934313137373,5.552070295940811,6.483736582683464,89.95202444511098,-0.5035338968947018,-0.0520305458315739
"Bumgarner, Madison",2022,L,2832.0,2.785562773722628,5.6278691330866915,6.548133766623339,86.76898516148387,1.2145665378009216,-0.6403638042940719
"Bummer, Aaron",2022,L,467.0,2.2153450400000003,5.236068599999999,6.349284040000001,90.32345708,0.5359292731950641,-0.28385984671220793
"Bundy, Dylan",2022,R,2180.0,-1.6959128587141288,6.090378892110789,5.828152394760525,83.43132526747324,1.3883850213443307,-1.0126449970363642
"Burke, Brock",2022,L,1296.0,1.68250323,6.22087917,6.9252679,92.49399609,-0.13836611845710214,1.4980728027281425
"Burnes, Corbin",2022,R,3171.0,-0.6017450654934506,5.965772322767722,6.386515238476151,91.61898861113887,-0.23614463267673724,0.885440510885282
"Bush, Matt",2022,R,909.0,-0.9829553355335532,5.464757205720571,6.2299198019801985,90.85261958195818,-0.35443510237279585,0.04959722819406342
"Cabrera, Edward",2022,R,1215.0,-1.7282679500000002,6.21070095,6.446103819999999,90.89787374,-0.45687542404968895,0.991096988972894
"Cabrera, Génesis",2022,L,772.0,1.2604545,6.05731549,6.10998121,89.96035663,1.0831447750622911,0.6325387272573815
"Cano, Yennier",2022,R,410.0,-2.10755900409959,5.410071652834717,5.747316818318168,91.6615807119288,-0.2415936441534317,0.13486481340448184
"Carrasco, Carlos",2022,R,2458.0,-1.3446575757575756,5.702143534353435,6.310749394939494,89.07108611861186,-0.18968843538497668,-0.09437838059019778
"Castano, Daniel",2022,L,593.0,2.0698492050794917,6.170502719728026,6.054797490250974,85.54913952604737,2.1417897293135293,-0.28833695121503145
"Castellanos, Humberto",2022,R,810.0,-2.13784564,5.141227450000001,6.02444854,85.54308589000001,0.08286288933562105,-1.6984140021273018
"Castillo, Diego",2022,R,926.0,-0.8613357099999999,5.83900445,5.37649361,89.25102557999999,1.3052403253395914,0.10492818052909193
"Castillo, Luis",2022,R,2718.0,-2.80465051,5.18644091,5.586584719999999,93.09416891000001,-0.6092471978804793,0.18101563987587393
"Castillo, Max",2022,R,677.0,-3.03584574,5.8846892,6.67031793,89.37230686000001,-1.1993981398301794,0.1786644942951056
"Castro, Anthony",2022,R,329.0,-3.074128827117288,5.464459914008599,6.7276289971002905,89.52236912308769,-1.5698889281669974,-0.31454990353271
"Castro, Kervin",2022,R,239.0,-1.14026775,5.8763036,6.87579953,88.87241581,-0.7498590050027701,0.10029702115465851
"Castro, Miguel",2022,R,571.0,-2.311678447844785,4.963430863086309,6.5877816281628165,91.56964598459847,-1.7144135687860351,-0.43012162669903553
"Cease, Dylan",2022,R,3120.0,-1.4291662366236624,6.304979117911792,6.053494099409941,90.1185100010001,0.34985592947725597,0.9138933408163644
"Cessa, Luis",2022,R,1235.0,-0.9793121499999999,6.06230388,5.666269119999999,88.25730856,1.1500779002387438,0.1494633163574805
"Chacín, Jhoulys",2022,R,834.0,-0.9799326000000002,6.10319608,5.9239989600000005,87.69344895,0.9059125808927466,0.07101199965140456
"Chafin, Andrew",2022,L,878.0,1.8381730800000002,6.29292957,6.532476520000001,88.76347027,1.0274604185983058,0.6647677792745469
"Chapman, Aroldis",2022,L,699.0,0.64981825,6.0774488600000005,7.17681807,93.33851939,-1.0493305560081683,1.505933729547505
"Chargois, JT",2022,R,348.0,-2.06694772,5.21519307,6.21464954,92.80615521000001,-1.1451241064078799,0.18567405502316706
"Chavez, Jesse",2022,R,1248.0,-1.6513996399639963,4.964944814481448,6.196916591659164,89.05011160116011,-0.5916647125439898,-1.0423849186199845
"Cimber, Adam",2022,R,1085.0,-4.11151609,2.07250219,6.39910965,83.41231202,-2.6927318621882153,-6.136662734202798
"Cishek, Steve",2022,R,1161.0,-3.3708319631963195,4.271862556255625,7.602042694269428,84.702701190119,-2.901871968296784,-2.9836568421691334
"Cisnero, José",2022,R,473.0,-1.6158148200000002,5.34563901,6.16408195,92.32996061,-0.7707225955808127,0.24346633082430244
"Civale, Aaron",2022,R,1589.0,-0.7671693430656932,6.23841716828317,5.794461223877611,84.74997422257772,1.660465193949223,-0.47937030718278356
"Clarke, Taylor",2022,R,855.0,-1.05919764,6.03533,6.12621622,91.62143533,-0.0003000624587115773,0.9538798369511755
"Clase, Emmanuel",2022,R,994.0,-0.7520422099999999,6.0864723000000005,6.477057630000001,96.58724134,-1.048854106993915,2.2564675011508477
"Cleavinger, Garrett",2022,L,408.0,1.3934946605339467,5.185416428357164,6.155038936106389,89.71344900509948,0.5688093768269313,-0.5247786233170981
"Clevinger, Mike",2022,R,2001.0,-1.5574154499999997,5.4323935,6.801057010000001,88.36970755,-0.9945004399552736,-0.5969646908609252
"Cobb, Alex",2022,R,2328.0,-1.92630942,5.78580694,5.869705990000001,90.95193304,-0.012231630809703008,0.4439465925566249
"Cole, Gerrit",2022,R,3695.0,-1.8437222177782222,5.744301719828017,6.412922307769222,92.91010221977801,-1.0264772834970293,0.8917363337395469
"Coleman, Dylan",2022,R,1205.0,-2.0860162900000003,5.85557655,6.58109137,91.50786598000002,-1.0702580138080118,0.6873851812747551
"Colomé, Alex",2022,R,843.0,-1.40723529,6.275265579999999,6.17795912,91.35838091000001,-0.007173166331876192,1.1852446175761877
"Contreras, Roansy",2022,R,1588.0,-0.8902288371162885,5.890370722927708,6.380007569243075,89.00784095590441,-0.0004335659137350827,0.14171514457843803
"Coonrod, Sam",2022,R,236.0,-1.9071659465946595,5.822758035803581,6.420351105110511,94.44550578057805,-1.2304286635396493,1.3663425499752286
"Corbin, Patrick",2022,L,2623.0,2.1606460953904607,6.373914388561143,6.75811098890111,88.57031076892312,0.9112048858209096,0.7351572933028242
"Cortes, Nestor",2022,L,2706.0,1.419946214621462,5.613185588558856,5.771746424642464,87.09866382638262,1.7351260032129103,-0.6377996577471875
"Cotton, Jharel",2022,R,704.0,-1.3560148000000003,6.162153480000001,5.42317288,85.41799654,1.816274038422416,-0.43871967507820514
"Coulombe, Danny",2022,L,230.0,-0.20593377,5.8792417000000015,5.77478967,84.15181776,1.748416531149387,-1.0662993494873247
"Cousins, Jake",2022,R,267.0,-3.7725138686131388,5.389333266673332,6.781609939006099,88.43999842015799,-1.7781533397875953,-0.691190195560969
"Crawford, Kutter",2022,R,1334.0,-1.963528277172283,6.009862713728627,6.144108799120088,89.175899610039,-0.005844649006020038,0.29898202693114606
"Crick, Kyle",2022,R,289.0,-1.4467254399999998,4.99035092,6.20068294,84.93455262,0.07959670755555298,-2.0151066950367973
"Crismatt, Nabil",2022,R,1062.0,-2.368355935593559,5.467568546854685,7.092292619261926,83.0270718371837,-0.8863538076198106,-1.8751528912533755
"Crowe, Wil",2022,R,1403.0,-2.1224483448344835,5.946145344534454,6.499082518251826,89.59123667366737,-0.6416665397357444,0.3278067973720267
"Cruz, Fernando",2022,R,260.0,-1.416439596040396,5.732327867213278,6.963084281571843,87.19657250274973,-0.8131428137475923,-0.4971617162290083
"Cuas, Jose",2022,R,687.0,-4.38453849,3.9707571500000007,6.3963616299999995,88.93841132,-2.410854364913571,-2.3890852758443875
"Cueto, Johnny",2022,R,2372.0,-2.6134455145514552,5.598597389738974,5.612919521952196,87.30093328332835,0.5042195665103886,-0.7144857924206773
"Cyr, Tyler",2022,R,210.0,-1.0640948099999998,6.23212444,7.10856848,90.87306609999999,-1.1073017279087711,1.0503338122321741
"Danish, Tyler",2022,R,628.0,-2.2450530300000002,5.01687922,5.32294085,85.85522097,0.8764833297806097,-1.804225261712859
"Darvish, Yu",2022,R,3253.0,-2.203528077192281,5.472122807719228,6.61380708929107,88.04396961303868,-0.8949888607005437,-0.6492182542484315
"Davidson, Tucker",2022,L,912.0,1.5337367700000002,6.21786826,6.189696350000001,88.68383183000002,1.351696255013689,0.5315913883038474
"Davies, Zach",2022,R,2352.0,-1.51265421,5.61410192,6.010700770000001,85.15643039999999,0.6653732722051537,-1.1803994670888853
"Davis, Austin",2022,L,1118.0,2.57267258,5.851036580000001,6.2565568,87.6063464,1.5529704429291413,-0.16770060690254662
"De Jong, Chase",2022,R,1201.0,-0.93795403,6.17773911,5.9148894499999995,86.59120758,1.136505259538764,-0.1045773314269675
"De Los Santos, Enyel",2022,R,885.0,-2.0542339,5.5409414,6.02059205,90.88198625000001,-0.40191593838050316,0.11901457866557756
"De los Santos, Yerry",2022,R,449.0,-2.087141885811419,5.841973402659733,6.6427720527947205,90.73682090790922,-1.0523022843151744,0.4829049107543008
"DeSclafani, Anthony",2022,R,329.0,-1.6373349365063492,5.567262733726627,6.622164673532645,88.55823271672831,-0.7238640889761553,-0.38809556170684695
"Detmers, Reid",2022,L,2088.0,1.8382620162016203,6.0783650665066515,5.6715375137513755,86.63997185718571,2.3683254878122857,-0.15524457027464011
"Detwiler, Ross",2022,L,471.0,1.70953951,6.5158244,5.540434759999999,88.80325938999998,2.4599648922301998,0.9209137311745572
"Devenski, Chris",2022,R,241.0,-0.27544630463046305,6.545977407740775,6.0846300230023,87.71642417241723,1.20233499089156,0.6591864182052625
"Diekman, Jake",2022,L,1246.0,3.535307390739074,5.4854330833083305,6.33187893789379,90.31652173217323,1.1745131356376544,0.06256207977783791
"Domínguez, Seranthony",2022,R,984.0,-2.1209228799999997,5.5223248300000005,6.26292105,95.26034626,-1.392443968251454,1.1762598293402413
"Doval, Camilo",2022,R,1114.0,-1.7967148800000001,5.27554315,6.57647446,94.03795800999998,-1.681156535616527,0.5828027687286091
"Duffey, Tyler",2022,R,772.0,-2.590097599759976,5.934360446044605,6.339905670567057,87.17103879387939,-0.24963476463930748,-0.29815936755721223
"Dugger, Robert",2022,R,284.0,-1.9714981100000002,5.11852012,6.13133641,82.57011661000001,0.40765789116183654,-2.4491313511118937
"Dunn, Justin",2022,R,540.0,-1.13895797,5.6522238499999995,6.53602518,87.20952430999999,-0.18766171007306354,-0.6018673378620519
"Dunning, Dane",2022,R,2548.0,-2.581199120087991,5.465776932306768,6.572152144785521,85.09955770422958,-0.5526306014507845,-1.3909026097842452
"Duran, Jhoan",2022,R,1033.0,-1.9945785678567858,6.079270837083708,6.181969386938694,95.64729621962196,-0.952121377424813,1.9754934897069598
"Díaz, Alexis",2022,R,1056.0,-1.9331152815281525,4.851009500950095,7.470262856285629,92.56281610161017,-2.991069382876347,-0.2903164708530855
"Díaz, Edwin",2022,R,992.0,-2.20701878,4.990531260000001,7.19483586,94.30262098,-2.8764368517772745,0.297137402142335
"Díaz, Jhonathan",2022,L,236.0,3.380090779077908,5.537529892989299,6.676289278927893,84.87735439543954,1.4636915383170972,-1.1995177822809884
"Edwards Jr., Carl",2022,R,1025.0,-1.928454274572543,6.376355534446556,6.813924567543246,90.99442481751824,-0.9381533727268483,1.2308264723103794
"Effross, Scott",2022,R,794.0,-4.35387027,3.6357101099999998,5.913862760000001,85.06544138000001,-1.3963338298527785,-3.7777535762390717
"Eflin, Zach",2022,R,1412.0,-2.758265673432657,5.830700779922007,6.697529067093289,88.83412961703829,-1.0954569437849744,-0.013688909684322298
"Elder, Bryce",2022,R,873.0,-1.3178232676732329,6.408598350164984,5.827586671332867,87.85023439656034,1.0837062497543957,0.48362376626343156
"Eovaldi, Nathan",2022,R,1667.0,-2.375290110988901,5.505710698930107,6.64749802019798,89.15742608739129,-1.1395218316405307,-0.33677959521457224
"Espino, Paolo",2022,R,1873.0,-1.6305320599999997,5.7472068599999995,6.48703005,81.51210616999998,0.5812598736154629,-1.8943928077458154
"Espinoza, Anderson",2022,R,375.0,-2.02060097,6.03752852,6.082418359999999,90.87440543999999,-0.16828546793049315,0.747389273604237
"Estévez, Carlos",2022,R,1070.0,-1.9731322432243223,5.746712891289129,6.278676377637763,94.58501483148314,-1.1278287833138811,1.298266024731576
"Faedo, Alex",2022,R,967.0,-2.01459472,6.50202337,5.918937199999999,89.15601145999999,0.5867538591621388,0.9073427468848435
"Fairbanks, Pete",2022,R,363.0,-0.24337820000000004,7.02869394,6.5536905899999995,93.88703864,-0.010428213576666047,2.7995390967258373
"Falter, Bailey",2022,L,1301.0,0.90248708,5.723572970000001,7.441435190000001,87.18875074,-0.6567734268037403,-0.4356422202959262
"Familia, Jeurys",2022,R,881.0,-1.49840683,6.280701830000001,5.79308957,93.80161045,0.13680495067160747,1.7770818468258442
"Farmer, Buck",2022,R,847.0,-1.3907818218178183,5.810966093390661,6.058256724327567,89.64377660233977,0.12164599572079386,0.17436722413476746
"Farrell, Luke",2022,R,285.0,-1.68466826,6.49696317,6.30489803,86.26979088,0.5883355820066326,0.21336881071466562
"Faucher, Calvin",2022,R,433.0,-1.38337904,6.10731014,5.606924579999999,90.67456614000001,0.7709977486758186,0.7874275790738203
"Fedde, Erick",2022,R,2316.0,-1.6844249675032492,5.724070192980701,6.609811358864111,87.27047712228776,-0.4429321592200655,-0.5076606100279043
"Feltner, Ryan",2022,R,1584.0,-1.9440951895189518,5.22741607160716,6.4083220122012206,89.14997389738974,-0.8340360782931694,-0.6869192993703037
"Ferguson, Caleb",2022,L,565.0,2.4356875000000002,5.7515220000000005,6.1060426,89.3441825,1.399500135040928,0.12478380159876885
"Fernández, Junior",2022,R,333.0,-1.7531559199999998,5.86011643,6.557650059999999,94.47974343,-1.3449603507392045,1.4302909410758338
"Festa, Matt",2022,R,952.0,-2.0765087200000005,4.99435789,6.3382200300000004,87.07652558,-0.6312464928609358,-1.4959209468606531
"Feyereisen, J.P.",2022,R,344.0,-0.63009923,6.37135668,5.805519779999999,88.48651111,1.2398619512490745,0.6095611605468632
"Finnegan, Kyle",2022,R,1053.0,-1.78728845,5.69418402,6.56490118,95.29289327,-1.5849727024732694,1.4196021667953802
"Flaherty, Jack",2022,R,567.0,-2.422351444855514,5.28023508649135,6.858028467153285,88.23101633836616,-1.4473790011647905,-0.8434503306798066
"Fleming, Josh",2022,L,662.0,2.8734071500000002,5.50198509,6.41614888,87.15521771,1.2918200389351018,-0.7066170644836127
"Fletcher, Aaron",2022,L,202.0,2.5082517448255177,5.025741785821418,5.810878862113788,84.02622265773422,2.1415618357570567,-2.105105934815836
"Flexen, Chris",2022,R,2195.0,-0.8799584741525848,6.9117154684531545,5.980336566343365,87.07747716228377,1.4486780429761579,0.9456667106537185
"Floro, Dylan",2022,R,842.0,-3.4792740574057412,6.038415021502151,6.301061106110611,89.56173559355936,-0.7859114884710579,0.39618471632317237
"Foley, Jason",2022,R,994.0,-2.0543051,5.66646561,6.51961131,93.19615503,-1.3335311619178172,0.8616787376368253
"Foster, Matt",2022,R,768.0,-1.15317493,6.0102324,6.13646478,89.32985977999999,0.2657030932652234,0.35764331913880176
"Freeland, Kyle",2022,L,2892.0,1.5984373399999998,5.611508949999999,6.550110769999999,86.59594589,0.8120532304740894,-0.7336945906593976
"Fried, Max",2022,L,2892.0,1.3628039,6.03407827,6.2924299,87.52216484000002,1.2061425837516262,0.013214526087081865
"Fry, Paul",2022,L,236.0,2.4849913900000002,5.1661443,6.11654601,87.82118462,1.2613517598211759,-0.9870038908255875
"Frías, Luis",2022,R,356.0,-1.28569492,6.510698720000001,6.2369628200000005,92.7945969,-0.10599517833971234,1.8402046856437495
"Fulmer, Michael",2022,R,1079.0,-2.3129194500000003,5.9387927000000005,6.48496015,90.83462588,-0.8715693810327337,0.6183964969197808
"Gage, Matt",2022,L,238.0,1.7403065800000002,6.53849874,6.2999689000000005,89.51320048,1.352160413775389,1.1490578895194006
"Gallegos, Giovanny",2022,R,1010.0,-1.75480576,6.76644198,5.74741085,89.78959665,0.9817904865287864,1.3980179341539412
"Gallen, Zac",2022,R,3022.0,-2.8768220999999996,5.90182458,6.569020720000001,89.57202508,-1.0244710829830337,0.2501242725625053
"Garcia, Bryan",2022,R,317.0,-2.42525446,5.52189754,5.94004202,89.14994390000001,-0.1858393334514727,-0.3422213872701555
"Garcia, Luis",2022,R,2583.0,-1.46227577,6.29161428,6.097147250000001,87.67256589,0.6210834804790389,0.29721736871735044
"García, Jarlín",2022,L,1015.0,1.7439021497850216,5.884924407559244,6.50540594940506,88.16705690430956,0.8663251178955305,-0.00036803958739975304
"García, Luis",2022,R,1024.0,-2.5813286699999995,6.087914970000001,6.60291745,92.30872022000001,-1.244963566833831,1.165569729895689
"García, Rony",2022,R,969.0,-3.17222843,5.017061760000001,6.240974390000001,88.25949778000002,-1.0373760395618243,-1.207933448523558
"García, Yimi",2022,R,1097.0,-2.6877517900000005,5.103759960000001,5.72669516,91.07234219000001,-0.5198031104535774,-0.4122062123097453
"Garrett, Amir",2022,L,791.0,2.674789538953895,5.740249864986498,6.282291899189919,88.7845503250325,1.3170191074893178,-0.01504905626954249
"Garrett, Braxton",2022,L,1360.0,2.7273992400759925,6.046212968703131,6.403251334866513,87.08440600939906,1.6024145844622115,-0.04055737844224434
"Garza Jr., Ralph",2022,R,514.0,-1.72459506,4.6763856200000005,6.1447410300000005,84.96131563,-0.1380017044963012,-2.4140837282606737
"Gausman, Kevin",2022,R,2946.0,-2.34516797,5.94957745,6.429697849999999,89.8581857,-0.6613976442634661,0.38975487618895194
"Germán, Domingo",2022,R,1027.0,-1.5680579342065795,5.420705389461054,6.069988921107889,86.82596487351265,0.20783241223343274,-1.0144545057493342
"Gibaut, Ian",2022,R,694.0,-1.33278783,5.822271069999999,6.87107851,91.37007873,-1.2014789456705097,0.640021349739487
"Gibson, Kyle",2022,R,2903.0,-2.301159534046596,6.259834036596342,6.7154268373162695,87.86641915808421,-0.558231822623739,0.30317967828843473
"Gil, Luis",2022,R,204.0,-2.457114741474147,5.8661614461446145,6.795082338233822,92.94127868786879,-1.6890277926545114,1.050020966739396
"Gilbert, Logan",2022,R,2998.0,-1.05188331,6.07947527,7.320724739999999,91.09010712,-1.5157103006792083,0.9178928135116342
"Gilbert, Tyler",2022,L,564.0,1.6059197100000002,5.9232650499999995,5.911162750000001,85.85937729,1.978581605413821,-0.5409975840087918
"Gilbreath, Lucas",2022,L,836.0,1.1857329367063294,5.802900639936007,6.211846035396461,90.73603477652236,0.6516248739594935,0.5028765332734968
"Gillaspie, Logan",2022,R,248.0,-0.8706891999999999,5.64329027,6.24271722,89.18717570000001,0.015426008949837712,-0.13035169870797472
"Ginkel, Kevin",2022,R,500.0,-2.2597928,6.4914702,6.7521644,92.1021832,-1.0580308486154457,1.637726818315227
"Giolito, Lucas",2022,R,2660.0,-1.4311235476452353,6.3680592840715935,6.79619301069893,87.32536474352565,-0.2201282657128495,0.33188339162400127
"Givens, Mychal",2022,R,1047.0,-2.74109375,4.54910745,6.2636318200000005,88.70581947,-1.2686116052799672,-1.67788044847674
"Gomber, Austin",2022,L,2103.0,1.7843189900000003,6.63342253,6.515527740000001,85.16088445000001,1.7564376865247615,0.2087791104130928
"Gonsolin, Tony",2022,R,2113.0,-0.9330715900000001,6.216025690000001,5.9785027500000005,87.72192924000001,0.9134618726905694,0.22350057913140403
"Gonzales, Marco",2022,L,2758.0,2.2182774877487748,5.521108890889089,6.394459735973597,83.62928160816084,1.6090840214544115,-1.5652850315214197
"González, Chi Chi",2022,R,376.0,-2.03907951,5.88300697,6.00399397,88.38966216,0.1926710920671748,-0.06070546971659624
"Gore, MacKenzie",2022,L,1258.0,1.53252721,5.90432911,6.87126147,90.53191374000001,-0.030731278944389807,0.6109930215196148
"Gose, Anthony",2022,L,405.0,0.82478926,5.63851093,6.05847426,93.19158632999999,0.2812443890751295,0.8837604629097114
"Gott, Trevor",2022,R,776.0,-3.03558823,5.196608759999999,6.09653949,92.60049374,-1.3050547224997586,0.08322693787222596
"Goudeau, Ashton",2022,R,407.0,-2.1800860799999997,6.4727020799999995,6.3734648,86.93896992,0.21156310218211083,0.3365490616090016
"Graterol, Brusdar",2022,R,684.0,-1.62646807,6.12061743,5.85774795,96.76045977,-0.5175743062411311,2.2998947826916605
"Graveman, Kendall",2022,R,1003.0,-1.0887418899999999,5.712540690000001,6.312181949999999,92.99788821,-0.6581608317527776,0.8891522529941477
"Gray, Jon",2022,R,1964.0,-1.9278796900000001,5.589968150000001,6.47693419,90.56051676999999,-0.9010031876060776,0.11996649830211624
"Gray, Josiah",2022,R,2597.0,-1.6955360600000002,5.36279058,5.53484914,88.79888415,0.5715428314642587,-0.6238561954616741
"Gray, Sonny",2022,R,1920.0,-0.91735068,5.47055729,6.456677770000001,86.75434934999998,-0.048879758467676254,-0.9400142583773624
"Green, Chad",2022,R,287.0,-1.7372534300000002,6.118684590000001,6.667963540000001,90.95743686000002,-0.8261017572660276,0.8963789851845003
"Greene, Hunter",2022,R,2200.0,-2.3847400240024004,5.9375007800780075,6.382850765076508,94.01101098109811,-1.2136918812326938,1.3912841258453148
"Greinke, Zack",2022,R,2272.0,-1.7145972897289732,6.204746064606462,5.9036522052205225,84.16888188818884,1.243960388695616,-0.6851664960481074
"Grimm, Justin",2022,R,277.0,-1.9904030696930308,6.056031406859313,6.836835336466354,86.28131803819618,-0.5125625597901418,-0.3315354956611114
"Grove, Michael",2022,R,472.0,-1.37563892,5.98258468,6.484974200000002,88.07212116000001,-0.12183633757095055,0.01955727426178484
"Gsellman, Robert",2022,R,207.0,-1.61895225,5.56538721,6.29998723,90.48691441,-0.5575186365322602,0.07301986715228832
"Guerra, Javy",2022,R,322.0,-1.4958112999999997,5.597851409999999,5.8316827899999995,94.71523001999999,-0.4644861839757466,1.1399252157595303
"Gustave, Jandel",2022,R,486.0,-1.6489336766323368,5.493261343865614,5.8341300069993,92.39255150484952,-0.25287330920203016,0.43386539997202156
"Gutierrez, Vladimir",2022,R,684.0,-2.25040332,5.19779619,6.40996601,87.08596313999999,-0.6658654762650711,-1.2387020206467214
"Hader, Josh",2022,L,1023.0,2.94200988,5.43100804,6.74743393,93.63709147,-0.10551927336447764,0.8070924310451275
"Hand, Brad",2022,L,950.0,2.3625595259525953,6.363731993199319,5.619566176617661,85.46618958895888,2.9651303772368385,-0.07112778944555341
"Harvey, Hunter",2022,R,661.0,-1.7652806099999998,6.036138029999999,6.10692432,95.87062451000001,-0.8286427747057282,1.9792418850186793
"Head, Louis",2022,R,562.0,-2.24811106,5.19555791,6.15596667,87.20849501000001,-0.3392672694855757,-1.2195758235844913
"Heaney, Andrew",2022,L,1222.0,2.89086319,5.1186327,6.10341331,89.47392422,1.1551046297650651,-0.6314474422039978
"Hearn, Taylor",2022,L,1746.0,2.5887629800000003,6.27265656,6.347650380000001,91.18119877,1.1817855493202167,1.2457583862235724
"Heasley, Jonathan",2022,R,1716.0,-1.56020896,6.05159824,6.22459284,88.14293656,0.19929268738810693,0.11104165670986378
"Helsley, Ryan",2022,R,1003.0,-0.45541171999999996,6.0230820099999995,6.64456995,94.21959692,-0.8724780484862794,1.6081997957529839
"Hembree, Heath",2022,R,429.0,-0.9088879412058793,5.646116388361164,6.605574862513747,89.36488276172382,-0.5140796098365352,-0.07245152678510666
"Hendricks, Kyle",2022,R,1419.0,-2.20117245,6.240777260000001,5.66595957,82.93316102,1.5956757101893848,-0.9630047816891617
"Hendriks, Liam",2022,R,917.0,-1.6309098290170982,5.905732046795321,7.023153384661534,93.8028914108589,-1.8091212228200144,1.3398955232789262
"Henry, Tommy",2022,L,811.0,1.7755356800000002,5.6172742499999995,6.54756777,88.17783965000001,0.6543770621655866,-0.33370625789576286
"Hentges, Sam",2022,L,1066.0,1.7781307000000002,6.446527540000001,6.654600349999999,91.22919654,0.5819321332222268,1.4664342118330016
"Herget, Jimmy",2022,R,1007.0,-2.3162254625462544,4.9459852485248526,5.0343631963196325,83.35923130313031,1.557173159165677,-2.5175359685882777
"Hernández, Carlos",2022,R,1027.0,-1.06942066,6.111433290000001,6.58439299,90.39286161,-0.4030702460671561,0.7629715308484211
"Hernández, Elieser",2022,R,1103.0,-1.9163094200000002,5.298578200000001,6.568697090000001,86.5303568,-0.6232180774435817,-1.234121101057118
"Hernández, Jonathan",2022,R,496.0,-1.49051647,5.46432188,6.29313475,92.54387639,-0.8599168410956444,0.45326436856198227
"Hicks, Jordan",2022,R,1142.0,-2.19297603,5.979672769999999,6.55165294,94.71832614,-1.4512182168560597,1.6284963823906489
"Hill, Garrett",2022,R,1019.0,-2.6039277227722777,5.305848374837483,6.449558485848585,87.47413102310232,-0.8323373202508195,-1.014648173976602
"Hill, Rich",2022,L,2032.0,1.6674212300000002,5.593151960000001,6.118310550000001,79.51682658000001,2.4245592912315357,-2.506592118017068
"Hill, Tim",2022,L,794.0,3.8243288671132882,3.0726469553044695,6.916262753724628,89.39439867013297,-0.8661087665314173,-3.1858965796825607
"Hjelle, Sean",2022,R,474.0,-1.5463778600000002,6.2554764800000004,6.59980044,90.31670865999999,-0.4912542466310065,0.9146051685911472
"Hoeing, Bryan",2022,R,258.0,-2.8068700500000006,5.836508500000001,6.760456390000001,90.36662868,-1.4137077392235229,0.3705857013042733
"Hoffman, Jeff",2022,R,848.0,-2.434980768076808,5.990182868286828,6.458978357835784,89.54833671367138,-0.6632174217479155,0.3636579067454485
"Holderman, Colin",2022,R,472.0,-1.62457415,5.986512749999999,6.37455368,91.45206285,-0.5404757619199472,0.8442211970676116
"Holmes, Clay",2022,R,1095.0,-0.92430176,6.343667599999999,6.063677760000001,94.85357952000001,-0.14193115570285947,2.1381811180206634
"Houck, Tanner",2022,R,1000.0,-2.8756918000000002,5.2999160000000005,6.1976809,90.5261959,-1.0260715979391306,-0.2880558916140021
"Houser, Adrian",2022,R,1848.0,-1.1242831516848315,5.982933066693332,6.575041315868414,90.40422338766125,-0.490012770176081,0.6017140325883216
"Howard, Spencer",2022,R,692.0,-2.04442851,6.15516312,6.45042531,88.33521442,-0.24028108976819706,0.2840122708269342
"Hudson, Dakota",2022,R,2301.0,-1.83131025,6.11052194,6.30462153,88.95574938,-0.08422382877240575,0.38065770921555736
"Hudson, Daniel",2022,R,416.0,-2.7594938906109387,5.457570612938707,6.359887601239876,93.22966925307469,-1.4960056031521372,0.5828724455106744
"Hughes, Brandon",2022,L,952.0,2.4006273700000005,5.40677649,6.240075610000001,88.38284168,1.131470283375636,-0.5433037120416183
"Hunter, Tommy",2022,R,349.0,-1.6819611861186117,6.0579801280128,6.314322292229222,91.0996083008301,-0.3844525756221814,0.8446014696960367
"Hutchison, Drew",2022,R,1788.0,-2.660388598859886,6.108303510351035,5.979711391139114,89.47468736873688,-0.00846993394708686,0.4736359021934845
"Iglesias, Raisel",2022,R,1010.0,-1.91798724,5.36851964,6.18096722,90.68410201999998,-0.6494532292173769,-0.13875637765751575
"Irvin, Cole",2022,L,2533.0,1.487580278027803,6.120509390939095,6.376041634163417,86.44886676667666,1.3429630738059721,-0.13515536903231345
"Jackson, Zach",2022,R,887.0,-0.64035742,6.9474093,5.17034835,90.27967733,2.195009881260961,1.756758589881381
"Jameson, Drey",2022,R,443.0,-2.06786117,5.63906723,5.73159765,91.50093872000001,-0.042882185811346146,0.3852535614075726
"Jansen, Kenley",2022,R,1006.0,-1.18842286,6.70207968,6.909781870000001,91.08537999,-0.6229705684526383,1.6866165272725213
"Javier, Cristian",2022,R,2686.0,-1.65040911,5.668422950000001,5.97171463,88.20849251,0.2664832113225457,-0.3674129056206889
"Jax, Griffin",2022,R,1143.0,-0.8612314699999999,5.692291539999999,5.87130322,89.77427408999999,0.4687958874144431,0.0639389887876918
"Jefferies, Daulton",2022,R,610.0,-2.7358688300000007,6.0255937400000015,5.910816280000001,88.96124496,0.08144098799409386,0.2389747538294128
"Jiménez, Dany",2022,R,539.0,-0.2936029597040296,6.394658434156583,5.784764493550646,86.54004541545845,1.6785542130967213,0.16915073984755646
"Jiménez, Joe",2022,R,967.0,-2.384443795620438,5.777285671432856,6.7665852614738515,92.06722803719627,-1.5543537356527983,0.7241354637068694
"Johnson, Pierce",2022,R,309.0,-1.92593675,6.049970660000001,5.741150150000001,87.92715646,0.75757841047706,0.031133808239330017
"Junis, Jakob",2022,R,1802.0,-1.890441104110411,5.840928632863286,5.807798359835983,86.22331470147014,0.7952266001569744,-0.6481237395030836
"Kahnle, Tommy",2022,R,221.0,-1.7639119611961198,5.763007870787079,6.609928022802282,91.3680896189619,-1.0336941150789976,0.5452633818069006
"Kaprielian, James",2022,R,2230.0,-2.6807028902890293,6.072024662466247,6.050218171817182,89.21908283828382,-0.09691353141963416,0.3668164295799356
"Karinchak, James",2022,R,792.0,0.16873370000000004,6.71372308,5.9439301,90.44757675000001,1.2602589435804743,1.5482613320271685
"Keller, Brad",2022,R,2237.0,-1.4919563900000001,6.28773345,5.95216663,91.25911274,0.29154039268410215,1.167200987864722
"Keller, Mitch",2022,R,2798.0,-1.8820382099999997,6.023598239999998,6.326974799999999,89.89883612999999,-0.32065327288211315,0.501744612856048
"Kelley, Trevor",2022,R,460.0,-4.30181079,3.4534988600000003,6.653061259999999,86.18832388,-2.653951535094742,-3.7072179862541854
"Kelly, Joe",2022,R,695.0,-1.6775588741125889,5.512639366063394,5.881309329067093,91.87735214478552,-0.24123762928232728,0.33268258492856734
"Kelly, Merrill",2022,R,3031.0,-1.6998281228122807,5.539866976697669,6.158153435343536,90.05363309330934,-0.3468894682918959,-0.07219908842851613
"Kelly, Zack",2022,R,203.0,-3.0164228699999995,5.58433834,6.66549577,88.35788895,-1.225112585868112,-0.4494457276791781
"Kennedy, Ian",2022,R,902.0,-1.39798825,5.41837902,6.5989206199999995,91.42844994,-1.111075569967552,0.13364601376859087
"Kershaw, Clayton",2022,L,1874.0,1.38256434,6.148831449999999,6.3511866900000005,86.14922613,1.4003053938801853,-0.1763962697902295
"Keuchel, Dallas",2022,L,1165.0,1.4306559644035597,6.095482791720827,5.976100589941005,84.01995614438556,2.1983053441987175,-0.777276051759715
"Kikuchi, Yusei",2022,L,1929.0,1.6790731699999997,5.50231039,6.84421667,90.91041440999999,-0.24372795733089786,0.19884930674280735
"Kilian, Caleb",2022,R,235.0,-1.360630893821236,5.720237192561488,6.967221635672866,91.17352145570887,-1.3761467293618586,0.4652538521217407
"Kimbrel, Craig",2022,R,1078.0,-2.904305160516051,4.748873847384739,6.691120202020201,92.57887223722372,-2.33778175923647,-0.4652544036816506
"King, John",2022,L,736.0,2.31699748,5.31135114,5.95244558,87.01115490000001,1.6304820972399214,-1.0119360157795736
"King, Michael",2022,R,823.0,-2.4622175817581753,5.566001950195019,6.293549774977498,91.02171534153415,-0.9194688886474436,0.18336534920516423
"Kinley, Tyler",2022,R,403.0,-0.8524312000000001,6.5796334,5.57072128,92.20901463999999,1.0756507046869985,1.7731526045262005
"Kirby, George",2022,R,2258.0,-1.4365724072407242,5.816753605360536,6.630942114211422,90.97619762976298,-0.8588060669158682,0.525995095208965
"Kittredge, Andrew",2022,R,233.0,-1.1322050905090508,6.0560957095709576,6.4772307430743075,92.5059882588259,-0.6160941736323663,1.206670529216004
"Kluber, Corey",2022,R,2476.0,-1.8364244799999998,5.32737745,6.3669344599999995,85.17063862,-0.10912798084169074,-1.5359383515504867
"Knebel, Corey",2022,R,845.0,-1.6522010100000002,6.011094570000001,6.5017514300000006,90.38975098,-0.5555547050464414,0.6179273058286031
"Knehr, Reiss",2022,R,242.0,-1.3580293500000002,5.544518080000001,6.595437390000001,88.8247342,-0.6421682275327903,-0.3451616299028322
"Koenig, Jared",2022,L,653.0,2.14824177,5.955001129999999,6.538143600000001,84.87098711,1.4780626679289737,-0.7094895294208822
"Kolarek, Adam",2022,L,319.0,2.7461799979998,4.178283188318831,6.615015221522152,85.41074480448044,0.41506044161157646,-2.8039957224256242
"Kopech, Michael",2022,R,2011.0,-2.19303496,5.81481932,6.6115964300000005,90.23616241000002,-0.9919447257993746,0.32201015638699115
"Kowar, Jackson",2022,R,311.0,-1.5223956700000003,5.99380241,6.24310731,90.08900742,-0.12675085157451285,0.517242194661313
"Krehbiel, Joey",2022,R,977.0,-1.47350356,5.7142396699999995,6.2014539,88.20877882,0.04454283970585275,-0.2975512232592903
"Kremer, Dean",2022,R,2072.0,-2.523468716871687,5.896756405640565,6.2807597359735965,88.09568521852182,-0.3015705121543059,-0.11892205234543043
"Kuhl, Chad",2022,R,2297.0,-2.3363957,5.624419469999999,6.3529461000000005,88.59877916,-0.5733536980551407,-0.3324164564033283
"Kuhnel, Joel",2022,R,926.0,-2.5857652365236525,5.944085468546855,6.925519051905191,92.4042798479848,-1.7862707297712157,1.0175865266187074
"Lakins, Travis",2022,R,243.0,-1.6380576000000002,5.912418100000001,5.93619958,89.35676758,0.30429071128163426,0.22186337810748882
"Lambert, Jimmy",2022,R,777.0,-1.1337943099999999,6.02086674,5.782444160000001,88.21140738,0.9196085887550062,0.08564972308895431
"Lamet, Dinelson",2022,R,598.0,-1.5155117088291172,6.132380381961805,5.925560063993601,90.47074363563644,0.3369850702386517,0.7759672240048456
"Lange, Alex",2022,R,1078.0,-2.57851657,5.6897481899999995,6.4392315,89.78167562,-0.9043031280018629,0.03706812090225928
"Lauer, Eric",2022,L,2605.0,1.52349848,5.94555976,6.1699195200000005,88.83371319,1.1864101160638116,0.22344765360325025
"Law, Derek",2022,R,352.0,-1.28634502,6.372194670000001,6.547452359999999,89.30671044,-0.11316049518118959,0.8191052771980849
"Lawrence, Casey",2022,R,297.0,-2.81931401,5.14828651,6.08113,84.85223205000001,-0.12879078493274518,-1.8746057917036174
"Lawrence, Justin",2022,R,763.0,-2.906219591959196,4.524997129712972,6.059657085708571,89.4133593459346,-1.1655585368163757,-1.5454536584123593
"Leclerc, José",2022,R,759.0,-1.7627620362036203,6.036076567656766,5.435296389638964,89.80249772977298,0.9525976861152277,0.46818825374309964
"Lee, Dylan",2022,L,789.0,1.6883926807319267,6.435164653534646,6.455279042095791,87.77001394860514,1.3094519096276125,0.5943221101063769
"Leiter Jr., Mark",2022,R,1086.0,-1.3305736226377363,5.735736936306369,6.624218438156184,85.53967711228877,-0.08392038615079797,-0.9082612794454428
"Lemoine, Jake",2022,R,298.0,-1.1106792799999998,6.34711109,5.513093970000001,90.28728174,1.1961708408342446,0.9992612154304621
"Leone, Dominic",2022,R,826.0,-2.3568570557055706,5.841819241924192,6.57358294829483,90.6811209020902,-1.044711036651613,0.4599371033032708
"Liberatore, Matthew",2022,L,740.0,0.6504699130086992,6.326171242875712,6.379534686531347,87.56376320367963,1.0124387155493242,0.3771063808745202
"Littell, Zack",2022,R,758.0,-2.0265936699999996,6.307215279999999,6.4221444199999995,90.93955815,-0.4752876653811081,1.114890252372093
"Llovera, Mauricio",2022,R,306.0,-2.21963449,5.43925501,6.29670868,88.91849744999999,-0.6156533664849284,-0.48671406224624686
"Lodolo, Nick",2022,L,1750.0,3.34529691,5.45972093,6.44635244,89.76027837,1.0166706759420436,-0.10760742669733593
"Logue, Zach",2022,L,1022.0,2.49755215,5.15652238,5.6119236500000005,86.12334950000002,2.1877980547430043,-1.4318213976245833
"Long, Sam",2022,L,739.0,0.55373964,6.10603441,6.05874519,86.88275551,1.3764563666381857,-0.08096186206376864
"Lorenzen, Michael",2022,R,1734.0,-1.90776163,5.62051604,5.874693209999999,89.41990101,0.10542592447929731,-0.14028304026542093
"Loup, Aaron",2022,L,955.0,4.19701849,4.46933393,5.995281479999999,87.08945661,1.7010131981496381,-2.0072299123691906
"Loáisiga, Jonathan",2022,R,951.0,-1.9634249599999998,5.55334824,6.49611638,94.6702861,-1.5503977758933716,1.0821488325298108
"Luetge, Lucas",2022,L,1019.0,0.5213664533546646,6.129805559444055,6.30520601939806,82.3968707529247,1.6875856160732325,-1.1448704506928913
"Lugo, Seth",2022,R,1142.0,-0.93260956,5.640265350000001,5.8689956500000005,88.5204723,0.5946094065323357,-0.3114276654236738
"Luzardo, Jesús",2022,L,1705.0,1.9827301030103013,5.90259692969297,5.755234073407341,90.35229529952997,1.665767814640674,0.5402507754739208
"Lyles, Jordan",2022,R,2882.0,-1.67290085,6.0725234200000004,6.775954050000001,86.36758437,-0.3212917260231045,-0.283394909619485
"Lynch IV, Daniel",2022,L,2435.0,1.3865644064406442,5.80493288328833,6.855190759075908,89.21608509850986,0.06752962639631073,0.15821081826372313
"Lynn, Lance",2022,R,2101.0,-3.25680365,5.527299879999999,6.3350109,90.23398654,-1.1641769297431046,-0.07779161491466821
"López, Jorge",2022,R,1147.0,-2.1599307230723075,5.84494302430243,6.327995499549954,92.80710817081709,-0.9451435041010015,0.9828134451449584
"López, Pablo",2022,R,3047.0,-2.1292045995400457,5.4632730426957306,6.883452114788521,89.93530437956204,-1.5112342214074583,-0.18559656120443155
"López, Reynaldo",2022,R,974.0,-1.6017214378562143,5.820810478952105,6.372564613538646,92.06262464753524,-0.7188975008077796,0.785252938717202
"Machado, Andrés",2022,R,1019.0,-1.79086564,5.428373410000001,6.81139858,92.72262574,-1.7158226182400618,0.460756549282949
"Mahle, Tyler",2022,R,2101.0,-1.9130127600000002,5.568737550000001,6.595556200000001,89.29618300000003,-0.8887869287390607,-0.2129859087832299
"Manaea, Sean",2022,L,2454.0,2.9887715371537147,5.359239393939393,7.196935363536354,88.26263039303929,0.02629971538551482,-0.5870652652354907
"Manning, Matt",2022,R,1130.0,-1.9021712771277128,5.734664076407641,6.878741644164416,89.02589790979098,-1.1288121698384734,-0.060299858026463184
"Manoah, Alek",2022,R,3050.0,-2.35793112,5.8842855599999995,6.664049599999999,89.5321242,-0.9772810005120336,0.2344556194458038
"Mantiply, Joe",2022,L,911.0,3.1230804899999995,5.340169029999999,6.4147285599999995,85.63309004,1.4996014660683226,-1.2783418986313773
"Marinaccio, Ron",2022,R,758.0,-3.0960945905409454,5.202628247175283,6.663188861113888,87.95617352264773,-1.4265017299270226,-1.032402601398058
"Marte, José",2022,R,291.0,-2.131554524547545,5.644516348365164,6.9666543845615445,93.067499820018,-1.9622609969943516,0.814797513150953
"Marte, Yunior",2022,R,840.0,-1.5133656199999996,5.50889268,6.25784046,92.93472387,-0.8486131038582769,0.6037890105525228
"Martin, Brett",2022,L,750.0,1.68188957,6.5015250799999995,6.48148719,88.38631584000001,1.2240830441771355,0.8301102799639315
"Martin, Chris",2022,R,889.0,-2.9083215421542157,6.110538253825382,6.490211361136114,92.48723411341136,-1.2178763866606617,1.2260052504607446
"Martin, Corbin",2022,R,540.0,-2.00329345,5.77016668,6.25256281,90.78919622999999,-0.5450067196567855,0.3946106309104668
"Martin, Davis",2022,R,939.0,-1.876343685631437,6.233521607839217,6.450688241175882,88.5308392460754,-0.1618696879123447,0.4353179865541835
"Martinez, Adrián",2022,R,1015.0,-2.4048979900000007,5.578386260000001,6.18238547,88.51162149000001,-0.38156494738069024,-0.419205772511729
"Martinez, Nick",2022,R,1861.0,-1.820844504450445,6.04232109210921,5.929572777277727,87.28730564056406,0.6254865978613362,-0.12683493422617273
"Martinez, Seth",2022,R,619.0,-2.3676229022902286,4.649858295829584,6.854442004200421,87.05810086008603,-1.6422507485451816,-1.926478154722447
"Maton, Phil",2022,R,1089.0,-1.5486702570257025,5.231307770777077,7.1124043404340425,83.92133469346935,-0.9004171000138479,-1.9326123970557432
"Matz, Steven",2022,L,923.0,1.85179207,5.747925550000001,6.36865435,88.36778851000001,0.9767899145025906,-0.12583729215112685
"Matzek, Tyler",2022,L,713.0,1.7105428,6.24097068,6.29242156,91.51399284000001,0.8829513812468419,1.2632510414219063
"May, Dustin",2022,R,474.0,-2.3520757200000006,5.169582890000001,6.504007970000001,93.49430689000002,-1.7639240433742243,0.2990079784481833
"May, Trevor",2022,R,499.0,-1.2149130413041302,5.6931373337333735,7.046872887288729,91.11775494549454,-1.4420014513123727,0.423606666612968
"Mayers, Mike",2022,R,917.0,-2.058691780821918,5.601106209379062,6.12116702329767,89.00179542045795,-0.23382657300887566,-0.2633377442843486
"Mayza, Tim",2022,L,791.0,1.772071,6.44192265,6.2936347,92.69583366,0.8568688429184478,1.8088212993270554
"McCarty, Kirk",2022,L,573.0,1.4012099500000004,5.899782310000002,6.063711560000001,88.43156852000001,1.3173389844536532,0.06037011007660429
"McClanahan, Shane",2022,L,2548.0,0.90571333,6.1647627,6.840887819999999,89.84802954999998,0.0493222956107624,0.7552142037344032
"McCullers Jr., Lance",2022,R,947.0,-1.46306569,5.26562968,5.80208576,86.97485,0.49161015542883646,-1.1797850118527908
"McFarland, T.J.",2022,L,487.0,1.9776567043295672,5.729392480751925,5.563252694730527,85.85460775922408,2.4622898874880375,-0.7888369867653579
"McGee, Jake",2022,L,629.0,1.92390865,5.74688024,6.03529779,92.78010118,0.8219503052689274,0.946939429984752
"McHugh, Collin",2022,R,1132.0,-2.2952976300000003,5.314780539999999,6.562893539999999,84.25935358999999,-0.41256547158642903,-1.7809100818752595
"McKenzie, Triston",2022,R,2981.0,-1.95173752,6.4789969,6.6914804000000006,88.5165606,-0.3623220369138623,0.7477793219109237
"Means, John",2022,L,206.0,0.9984749599999999,6.52827237,6.05290788,85.82395036999999,1.9503863964254304,0.20375657659129104
"Medina, Adonis",2022,R,448.0,-2.57983768,5.655367870000001,5.9252084200000015,89.3278915,-0.16327401839110262,-0.13433537914608723
"Megill, Trevor",2022,R,757.0,-1.2857841700000001,6.4933949900000005,6.541337120000001,92.17927051000001,-0.4416184394512936,1.6771119445584588
"Megill, Tylor",2022,R,772.0,-1.86867629,5.82337682,7.2717352900000005,91.77897915999999,-1.9902477347637453,0.7410281158752927
"Melancon, Mark",2022,R,951.0,-2.4102875299999997,6.35885051,6.299057820000001,87.71537571,0.05112043742554589,0.3750140590471774
"Merryweather, Julian",2022,R,477.0,-1.66123375,6.04943208,6.592883319999999,91.54347711000001,-0.8240673155964477,0.9522475437625079
"Middleton, Keynan",2022,R,256.0,-2.17057758,5.9031332999999995,6.69100508,90.26458958,-1.0417527137425497,0.44369280927925936
"Mikolas, Miles",2022,R,3295.0,-2.0589540545945404,6.56490503949605,6.419946165383461,87.79611792820717,0.12462349481971999,0.6680074476410864
"Miley, Wade",2022,L,566.0,2.0059610538946107,6.199196720327967,6.124209289071092,83.84581456854315,2.2867820271964194,-0.6695560913249431
"Miller, Tyson",2022,R,228.0,-3.647409789021098,4.848841445855415,7.065271482851715,87.36649436056395,-2.2973695400340977,-1.6252133481479927
"Mills, Alec",2022,R,302.0,-2.93101555,5.78573285,6.094045690000001,83.18436979999998,0.4446326351619703,-1.4810619023868157
"Mills, Wyatt",2022,R,503.0,-3.51766428,3.27687291,6.74929892,87.52285392,-2.810190299730497,-3.57972629605126
"Milner, Hoby",2022,L,1101.0,4.222294499449945,4.4254098509850985,6.542857455745575,84.263199229923,1.3444346688888116,-2.7381457366225073
"Milone, Tommy",2022,L,238.0,2.77160912,6.05272948,6.00380324,81.84450438,2.914266963243244,-1.3301863794085695
"Minor, Mike",2022,L,1750.0,0.9540530899999999,5.907763360000001,5.544567369999999,86.52486935,2.1436591365830524,-0.42565630883016575
"Minter, A.J.",2022,L,1133.0,2.3318072692730727,5.642696300369963,6.209459774022599,93.00101744825517,0.6324716083760192,0.8855406793632181
"Misiewicz, Anthony",2022,L,465.0,0.60976254,5.95186903,5.81268807,86.89288908,1.6339109522820234,-0.2797430206560066
"Mize, Casey",2022,R,246.0,-2.04486447,5.584658409999999,7.042284169999999,88.97580903000001,-1.4854679230542625,-0.2604807747222173
"Moll, Sam",2022,L,737.0,2.107796,5.14448784,4.67557776,86.92192560000001,3.2007209212322887,-1.2911026841725974
"Montas, Frankie",2022,R,2339.0,-1.13465334,6.0548245199999995,5.922765260000001,91.57949133000001,0.2674315745466279,0.9597393771853405
"Montero, Rafael",2022,R,1237.0,-1.4444215000000002,5.08391805,6.120772190000001,94.25254698000002,-1.087978534724004,0.38767721963709706
"Montgomery, Jordan",2022,L,2807.0,1.8537715828417156,6.50436895310469,6.636735386461353,87.59675274472552,1.1882145806455366,0.6492860562344155
"Moore, Matt",2022,L,1240.0,1.40433925,6.3971234,6.169335,88.46643925,1.4752614564984752,0.7007500837167512
"Morejon, Adrian",2022,L,551.0,1.7369276700000003,5.898697260000001,6.456068220000001,92.98706018000001,0.24912292144083517,1.1983276800843716
"Moreta, Dauri",2022,R,613.0,-1.04353434,5.786989940000001,6.246196579999999,91.80099114000001,-0.3357549582580958,0.6884620542447333
"Morgan, Eli",2022,R,1071.0,-0.3626633199999999,5.805382359999999,6.12419286,86.50796502,0.836791803494563,-0.5740428934561201
"Moronta, Reyes",2022,R,641.0,-1.2445277427742776,5.374652455245525,6.371762966296629,89.79492217221721,-0.542121635594342,-0.32594912023680744
"Morris, Cody",2022,R,404.0,-1.89350258,5.956335119999999,6.399507870000001,89.33214200999998,-0.38322339709895215,0.2797140354347642
"Morton, Charlie",2022,R,2946.0,-2.35693954,5.41131835,6.19199115,88.43108747,-0.4688350114926618,-0.6485144965073353
"Morán, Jovani",2022,L,681.0,1.2466191800000004,5.78509164,6.548322290000001,88.25338353,0.5608005338459063,-0.11659861594928222
"Muller, Kyle",2022,L,233.0,1.42719934,6.19734787,6.51246165,89.25284367,0.7823804048297345,0.653008066678427
"Murfee, Penn",2022,R,1025.0,-3.9119998600139985,4.177294620537946,6.344480121987801,84.27676878312168,-1.3811897588695252,-3.261967062520624
"Musgrove, Joe",2022,R,3121.0,-1.5224303369663033,6.4044202279772025,6.014722887711229,87.3748312968703,0.8237896246782709,0.36247042204304325
"Muñoz, Andrés",2022,R,1104.0,-2.01869676,5.21898979,6.43881603,92.8733117,-1.4397889868178761,0.2154028091883735
"Márquez, Germán",2022,R,2973.0,-2.2006832299999997,5.967373530000001,5.51270607,91.49728358,0.40977659846797443,0.7887041160608563
"Nance, Tommy",2022,R,743.0,-1.3681269126912692,6.306528652865287,6.209979207920792,89.30091749174917,0.2768195210176018,0.7217691860962039
"Nardi, Andrew",2022,L,374.0,2.8322255,5.87732168,6.824047139999999,90.780929,0.4349993676648275,0.6695934484829134
"Naughton, Packy",2022,L,562.0,2.354550924907509,5.724030566943306,5.791086871312869,88.1234301169883,1.9565400491346856,-0.22179075794127598
"Nelson, Kyle",2022,L,599.0,0.8045329899999999,5.577444839999999,5.916993049999999,87.02559013999999,1.3116214283363403,-0.7118961000885881
"Nelson, Nick",2022,R,1253.0,-2.3642379499999997,5.82824575,6.2228603399999995,91.69925836000002,-0.725419579847612,0.6812059777826169
"Nelson, Ryne",2022,R,253.0,-0.36711924,6.00831116,6.627668399999999,90.27826762999999,-0.2634106962701522,0.6238514519179083
"Neris, Héctor",2022,R,1051.0,-1.7556381600000002,5.9138246200000015,6.2116039700000005,91.13097252,-0.3637227876105419,0.6649884923818247
"Newcomb, Sean",2022,L,552.0,1.5057034696530347,6.463318068193181,5.733525407459254,90.64114575542446,1.8313420229061776,1.3067070248782708
"Nogosek, Stephen",2022,R,405.0,-2.2188911200000003,6.011502060000001,6.420740040000001,89.77312972000001,-0.554965667983747,0.4500430510455423
"Nola, Aaron",2022,R,3522.0,-1.95154715,5.109458499999999,6.891525039999999,87.53939982,-1.3341808044620402,-1.2158885480119284
"Norris, Daniel",2022,L,1032.0,2.5344078899999998,5.6802750799999995,5.79215002,86.48951484999999,2.2250189245036753,-0.6734953859231638
"Norwood, James",2022,R,370.0,-1.84200558,6.040056860000001,6.5467694100000005,93.42647065,-1.0999915317324285,1.3964886768977518
"O'Day, Darren",2022,R,385.0,-2.69931066,3.5745455799999997,6.62438065,82.26407146,-1.419212287795407,-4.477574266545196
"Ober, Bailey",2022,R,910.0,-1.7849356364363564,5.889133136686331,7.002627667233276,86.63380444955504,-0.8186968094797311,-0.445302056385743
"Odorizzi, Jake",2022,R,1850.0,-0.99836721,5.97782968,6.1289676,88.45562658000001,0.4352391132328873,0.10583041394647746
"Ohtani, Shohei",2022,R,2521.0,-2.3375460753924613,5.910492620737927,6.787732126787324,89.4569671732827,-1.1111759905187044,0.2536208894403693
"Okert, Steven",2022,L,989.0,3.2230554,5.7113064,6.3025065,85.67729145,1.9082194633889364,-0.7996646026304571
"Oller, Adam",2022,R,1294.0,-1.8661996599659962,5.7704786278627855,6.255265896589658,89.37669746974697,-0.2983520067444824,0.05189006034984639
"Ort, Kaleb",2022,R,517.0,-2.95509782,5.51111617,6.101894920000001,92.34016711999999,-1.0539549408452118,0.41890199164053016
"Ortega, Oliver",2022,R,595.0,-1.5516704600000002,6.044001779999999,5.83577739,90.5394527,0.38213881489288576,0.6773616080706351
"Ortiz, Luis",2022,R,393.0,-1.6456064506450645,5.58144111411141,6.32599292929293,92.75449791979197,-0.9169653020005109,0.650035111890587
"Ottavino, Adam",2022,R,1123.0,-2.7073260599999998,5.452719699999999,6.8165081999999995,87.80907424,-1.3242936075870375,-0.7376979718761637
"Otto Jr., Glenn",2022,R,2138.0,-1.7417882199999997,6.00578359,6.78943605,87.21857424000001,-0.5264508792108712,-0.16016122588678533
"Overton, Connor",2022,R,405.0,-1.6965713699999998,5.94010948,6.098288819999999,86.50003965,0.4899228400928469,-0.4406018088742731
"Oviedo, Johan",2022,R,877.0,-2.7161113500000003,5.3920922000000004,7.08527123,89.47405794,-1.9677250543285012,-0.39719602047721514
"Paddack, Chris",2022,R,430.0,-2.5150268173182684,6.268307049295071,6.780905119488051,86.9327794720528,-0.582895934467468,0.08138257802684579
"Pagán, Emilio",2022,R,1117.0,-1.6726019900000002,5.54361141,6.7183423300000005,91.22844384,-1.2635682980662961,0.23962071937291415
"Pallante, Andre",2022,R,1781.0,-1.8913960503949605,5.811456494350565,6.570840195980401,90.44535969403059,-0.8633119936669806,0.37548320155514125
"Patiño, Luis",2022,R,426.0,-1.9385116488351166,6.019779352064793,6.690188551144885,90.18047210278972,-0.8759830788455014,0.5763044258267425
"Payamps, Joel",2022,R,952.0,-2.30761011,5.79823033,5.91658436,89.35161980999999,0.027760962319633084,0.05864062216638798
"Peguero, Elvis",2022,R,308.0,-2.980646894689469,5.59284793479348,6.632446954695471,93.02288350835084,-1.830525853782671,0.7061677868497793
"Pepiot, Ryan",2022,R,737.0,-1.94426018,5.660366860000001,6.759209560000001,90.79253678000002,-1.2798410896855854,0.27452978483297646
"Peralta, Freddy",2022,R,1399.0,-2.55056056,5.0264837799999995,7.071220169999999,86.86576425,-1.741698609904173,-1.4955399187381397
"Peralta, Wandy",2022,L,996.0,0.9029732673267327,5.8486555855585545,5.918709430943094,91.2097904190419,0.9109493644460978,0.6603199268337049
"Peralta, Wily",2022,R,694.0,-1.0913235276472355,6.479681591840816,5.7504838316168385,89.24556661333867,1.1112644093961765,0.9192013281565166
"Perdomo, Luis",2022,R,285.0,-2.18527498,5.89785848,6.1859291999999995,90.38274408000001,-0.3815743156341803,0.44938976498287014
"Peters, Dillon",2022,L,716.0,1.5626177382261772,5.385189321067893,6.187566213378661,87.5826915108489,1.0114107621785284,-0.7900193177410674
"Peterson, David",2022,L,1910.0,2.09185091,5.87654631,7.031619749999999,88.92001633000001,0.16072530132345564,0.19967270517336788
"Phelps, David",2022,R,1180.0,-2.41532962,6.14286563,5.277365270000001,88.77035363,1.1523633383578442,0.3280513227714996
"Phillips, Evan",2022,R,977.0,-2.4209922292229225,5.383690729072906,6.441564926492649,90.64961904190417,-1.164537917897917,-0.13247956060628813
"Pilkington, Konnor",2022,L,1092.0,1.7784811281128112,5.888280868086808,6.416961236123612,88.49699653965396,0.9532494603328039,0.08288863635048549
"Pineda, Michael",2022,R,731.0,-2.26005143,6.514355220000001,6.18209799,87.02622943,0.45641575618247626,0.40239077213843727
"Pivetta, Nick",2022,R,3060.0,-1.50726175,6.5843275399999985,6.69807143,87.34954831,0.015688956154730614,0.6059519786367771
"Plesac, Zach",2022,R,2161.0,-0.2948199380061994,6.213050924907509,6.109326197380263,87.64796247375263,0.9675709978135448,0.22206546864250243
"Poche, Colin",2022,L,951.0,1.34799576,6.240754520000001,7.19557736,89.999735,-0.25268596679322153,0.9111513319247246
"Pop, Zach",2022,R,623.0,-2.24255552,5.586072400000001,6.369680719999999,93.4756568,-1.2851445262142256,0.8190876842757536
"Poppen, Sean",2022,R,486.0,-1.778776517651765,5.233418291829183,6.269344254425443,90.46103769376938,-0.7717373103479945,-0.3578002474831881
"Poteet, Cody",2022,R,486.0,-1.5802248300000001,5.977523,5.82022259,89.72602385999998,0.4689606285295409,0.3924890971481457
"Pressly, Ryan",2022,R,842.0,-0.31181444999999997,6.02739467,6.130657469999999,88.62452964,0.6789322965381026,0.227458306804074
"Price, David",2022,L,596.0,2.4870270727072707,5.928775337533753,5.999670827082708,89.89108776877687,1.5922438139335997,0.48084514712385273
"Pruitt, Austin",2022,R,799.0,-0.60546898,5.80515398,5.6678416,87.50017483,1.2291236404966297,-0.3516789085447065
"Puk, A.J.",2022,L,1055.0,3.4386650700000003,5.544259060000001,7.061968080000001,92.91687305,-0.18632913799883777,0.7961830219543675
"Pérez, Cionel",2022,L,919.0,1.13472529,5.54543732,5.8568602,91.79723659,0.8056488055576045,0.42533643245057545
"Pérez, Francisco",2022,L,205.0,0.7032650634936507,6.336605379462054,5.895102119788021,89.4832505649435,1.4198768519845302,0.8471688965014013
"Pérez, Martín",2022,L,2979.0,1.06265386,5.60994263,5.9207528599999995,89.09323261,1.1205348909810435,-0.1566400253943353
"Quantrill, Cal",2022,R,2984.0,-1.2882249399999999,6.4005255100000005,6.36202748,90.35444597,0.005191874981266789,1.1060441291252352
"Quijada, José",2022,L,699.0,2.26690748,5.3395370699999996,6.585125789999999,93.15417726000001,-0.10798024391481877,0.5505664504602833
"Quintana, Jose",2022,L,2901.0,2.2760778299999997,5.80311358,6.44817813,86.64724975,1.2972609056609903,-0.465042707839486
"Ragans, Cole",2022,L,706.0,0.8346269200000002,6.511478300000001,6.103693670000001,87.23284044000002,1.6121990880869284,0.5258086279624137
"Rainey, Tanner",2022,R,555.0,-2.8387731899999995,6.1048928700000005,6.4032136,94.20166143999998,-1.3244721877595607,1.638646948191154
"Raley, Brooks",2022,L,863.0,2.95250525,5.55295903,5.70676033,85.59158181999999,2.5373678440182075,-1.0468374016938033
"Ramirez, Noé",2022,R,878.0,-2.4866936,4.8799536,6.027320360000001,84.19209078000002,-0.00972906563872626,-2.368903988277218
"Ramírez, Erasmo",2022,R,1222.0,-2.2102527600000004,5.26356776,6.4096215,90.24432254000001,-1.0632645324343042,-0.37938022641863217
"Ramírez, Yohan",2022,R,607.0,-2.7029915691569157,5.007081148114812,6.9484094709470945,91.18445726572658,-2.258557006946235,-0.46787670952536764
"Rasmussen, Drew",2022,R,2236.0,-1.9018891,6.018237210000001,6.480315280000001,90.45998779999998,-0.6193333014622634,0.6371374212533754
"Ray, Robbie",2022,L,3113.0,2.5650063312662534,6.094353840768154,6.4575045409081815,90.80717567513503,0.9685493510454775,0.9316199632097377
"Reed, Jake",2022,R,307.0,-3.71570187,4.50185533,5.38892553,87.09192496,-0.21975358276516327,-2.1867118460581847
"Reid-Foley, Sean",2022,R,240.0,-1.17036305,5.3658652,6.9295869,90.8303188,-1.4269256891942987,-0.06306075872561138
"Richards, Garrett",2022,R,708.0,-2.3588681,5.84828478,5.974859690000001,90.26952900999999,-0.16994995081321693,0.3477489891219917
"Richards, Trevor",2022,R,1219.0,-2.3422327099999998,6.24227708,6.402132669999999,88.36606756,-0.22970439659104294,0.39250028604991466
"Robertson, David",2022,R,1142.0,-2.5713025099999998,5.78504652,6.652038259999999,88.60618535999998,-0.9638016749372174,-0.12401732041583005
"Robles, Hansel",2022,R,445.0,-0.9667889688968898,5.286964526452646,6.250350805080509,92.66447998799882,-0.7450521009969155,0.27076229854442824
"Rodriguez, Eduardo",2022,L,1521.0,1.7983317500000002,5.777745589999999,6.15511438,89.72071409,1.0724994587513013,0.23567151751243798
"Rodríguez, Elvin",2022,R,571.0,-2.1813879512048793,6.077948625137487,6.545488441155884,88.4804824817518,-0.4853056109394055,0.22168647797324537
"Rodríguez, Joely",2022,L,840.0,3.843821227877213,5.438006779322067,6.283445935406459,90.33421350864914,1.316349487420798,0.01328868475831588
"Rodríguez, Manuel",2022,R,203.0,-0.9741173999999999,5.88214996,6.24433856,92.614814,-0.36713232619108116,1.0101476991647889
"Rodón, Carlos",2022,L,2890.0,1.9658621737826216,6.514082071792821,6.198212478752124,91.28480180981902,1.3003705228174611,1.5555176702471805
"Rogers, Josh",2022,L,477.0,2.7862009199080098,5.923618648135188,6.222619508049196,86.64079456054395,1.8563912038053276,-0.30864494298644884
"Rogers, Taylor",2022,L,1125.0,1.72836693,5.52868031,5.66904999,86.57951849,2.004691677254726,-0.8674341650044285
"Rogers, Trevor",2022,L,2086.0,2.4437616,5.65900447,6.69750218,89.41031072,0.5333795044525209,0.043381103449249385
"Rogers, Tyler",2022,R,1166.0,-4.134789888988899,1.2049952595259525,5.957264376437645,78.13105180518052,-1.877288252392472,-8.54376786623778
"Romano, Jordan",2022,R,1034.0,-1.88370283,5.982922970000001,7.31424331,91.90494225,-1.9733238935889008,0.974501824969406
"Romero, JoJo",2022,L,271.0,1.3679183299999997,5.67711146,5.3903862700000005,90.22368633,1.8262745621430576,0.1963887457900222
"Romo, Sergio",2022,R,335.0,-2.9329175917591757,5.00893297329733,6.398197709770978,80.4213205920592,-0.04981885603961823,-3.130909019668318
"Rucker, Michael",2022,R,882.0,-1.9580878300000002,5.57679419,6.13659871,89.39961268,-0.29151817372897815,-0.19334917529861811
"Ruiz, José",2022,R,1135.0,-1.56049912,6.20459867,5.89474361,92.12975525,0.16985663509344776,1.2722704345818343
"Ruiz, Norge",2022,R,331.0,-1.58434729,5.865076039999999,6.18669361,89.2871116,-0.03598694318155005,0.15439005964555558
"Ryan, Joe",2022,R,2351.0,-2.4223999700000003,5.0403570900000005,6.29000914,87.83424907000001,-0.7668825185838922,-1.2621909630262562
"Ryu, Hyun Jin",2022,L,395.0,2.10696679,5.9164810800000005,6.5640304800000004,82.87840886999999,1.6901974453657826,-1.247448882462343
"Sampson, Adrian",2022,R,1597.0,-2.7880089508950894,5.746239743974398,6.3844131813181315,89.4690791479148,-0.823641182030804,0.02460911269612258
"Sanchez, Aaron",2022,R,1006.0,-1.7131769623037696,5.708373242675733,6.802021507849215,88.0037481651835,-0.8284607434784919,-0.34205487843345983
"Sanders, Phoenix",2022,R,215.0,-1.32486695,6.3053934,5.981455950000001,82.3222928,1.6006413959927381,-0.9988135529242647
"Sandlin, Nick",2022,R,774.0,-3.30050413,4.33902619,6.55437706,86.61406758000001,-1.6879442476257847,-2.461606829805637
"Sandoval, Patrick",2022,L,2456.0,1.3634016301630163,6.180964806480647,6.034737713771377,87.49249739973996,1.6504577097464832,0.18322557789390773
"Sands, Cole",2022,R,603.0,-2.04182435,5.43855029,5.31939528,86.79173601,1.0769060709480824,-1.036555826376521
"Sanmartin, Reiver",2022,L,1031.0,3.43415987,5.26107884,6.31163611,86.58057344999999,1.5639491089655722,-1.1410984322563575
"Santana, Dennis",2022,R,991.0,-2.3531854500000002,5.73991638,5.98675286,91.44133719,-0.4183928290680237,0.49898271169299785
"Santillan, Tony",2022,R,408.0,-2.4001153399999997,5.49918851,5.98994084,91.25861064000001,-0.5606551195091479,0.14890432642520487
"Sawamura, Hirokazu",2022,R,874.0,-1.5615682868286827,5.671720202020202,6.298129072907291,93.06492699269926,-0.8388566508048141,0.8415321719057895
"Sborz, Josh",2022,R,419.0,-0.9249418000000001,6.28696418,5.971377970000001,91.951018,0.3639350050217508,1.3511246040463076
"Scherzer, Max",2022,R,2337.0,-3.2671108799999993,5.57918558,6.19417026,88.38340603,-0.6798118756248206,-0.47125939595679095
"Schmidt, Clarke",2022,R,1081.0,-1.2910088708870888,5.5831783978397835,5.98737298729873,89.30587138713872,0.16130238363269905,-0.19609767506737488
"Schreiber, John",2022,R,1020.0,-2.9259292270772925,4.00687505249475,6.5528244575542445,89.0713107089291,-2.1106895889194006,-2.2686240784276217
"Scott, Tanner",2022,L,1273.0,2.52234994,5.29251348,6.24183908,92.09801919999998,0.5694963766249989,0.2273794623890154
"Scott, Tayler",2022,R,255.0,-1.3676212699999999,5.10461429,5.65846292,88.09369265,0.4608530569863278,-1.1107863353846832
"Seabold, Connor",2022,R,370.0,-2.7381744974497453,5.482159225922593,5.963525982598259,87.7465400840084,-0.1504190184873331,-0.7441080340989659
"Sears, JP",2022,L,1163.0,1.2833041104110412,4.918472657265727,6.401973127312731,87.87847341734175,0.29415323956291684,-1.3072825834703896
"Selman, Sam",2022,L,276.0,1.31630077,5.751915650000001,6.464487500000001,84.53907699,1.2104064943273927,-1.071107382610644
"Senzatela, Antonio",2022,R,1583.0,-2.21479758,6.10994466,6.021922160000001,90.41177581999999,-0.043321518087891905,0.7184309272601785
"Severino, Luis",2022,R,1880.0,-1.5669111811181113,5.9988027002700255,6.24938713871387,91.95004595459547,-0.4142333313831489,0.9794161249577336
"Sewald, Paul",2022,R,1024.0,-3.699400389961004,4.491884221577843,6.505465773422658,87.81023624637537,-1.8383522382312953,-1.9866292992409085
"Shaw, Bryan",2022,R,965.0,-2.8049743200000004,6.10405453,5.83099009,91.11222286,-0.09421044216898607,0.8617241239990255
"Shreve, Chasen",2022,L,500.0,2.0308932000000004,5.6612604,6.4317686,86.0245884,1.2360249040748938,-0.8038676938071807
"Silseth, Chase",2022,R,501.0,-1.7369084191580841,5.932063383661635,5.90875898410159,89.53487606239378,0.29356212459664077,0.2869968188631703
"Singer, Brady",2022,R,2284.0,-1.51048393,5.39733698,6.66126951,90.10487090000001,-1.058366621292612,-0.2186677220996111
"Skubal, Tarik",2022,L,2054.0,2.28043123,6.22152497,6.22198553,90.07941123,1.371046834741698,0.8988225445481316
"Smeltzer, Devin",2022,L,1153.0,2.1796559999999996,5.883916019999999,5.8481117199999995,83.77328863999999,2.539074812830719,-1.0901473263337047
"Smith, Caleb",2022,L,1266.0,1.4923012599999999,6.277334060000001,5.701135519999999,87.75367153999998,2.1699569878801332,0.3616248669815479
"Smith, Chad",2022,R,338.0,-1.8806946999999998,5.254541290000001,5.9650832,92.21129142999999,-0.6320576743424843,0.08608783784804634
"Smith, Drew",2022,R,814.0,-2.066148735126488,5.670421797820219,5.913607499250075,90.36405298470153,-0.1072697279967826,0.15172513488254222
"Smith, Joe",2022,R,487.0,-2.5666630763076306,3.137066626662666,6.537781178117812,82.50686367636763,-1.5585640686115094,-4.9700998338701226
"Smith, Will",2022,L,985.0,1.5381736400000001,6.5400392400000005,6.15417488,85.64014809,2.034964311426379,0.1905237292970688
"Smyly, Drew",2022,L,1723.0,2.04133422,6.42051522,5.77902712,85.80631702000001,2.6226780782467003,0.08104477563817153
"Snead, Kirby",2022,L,780.0,2.57901253,5.29923322,6.1775702,88.72564472,1.1635207393079363,-0.5925001518404726
"Snell, Blake",2022,L,2661.0,2.0910848100000003,6.57721729,6.74313428,91.58897103,0.599743536297904,1.730679892166528
"Snider, Collin",2022,R,583.0,-2.34747913,5.01847972,6.049613,91.09358302,-0.8945920428360531,-0.49566501816466785
"Soto, Gregory",2022,L,1123.0,2.21309968,5.48731587,6.685419979999999,96.32980229,-0.6269261901527681,1.518580306954448
"Sousa, Bennett",2022,L,365.0,1.5074068306830684,6.237252685268528,6.263059125912592,90.15301321132112,1.044458807476752,0.9183812660220287
"Speier, Gabe",2022,L,298.0,1.9442915799999998,5.50742404,5.986914219999999,88.6305523,1.341975487584651,-0.37512756889627646
"Springs, Jeffrey",2022,L,2061.0,2.3206612538746128,6.067782671732828,6.455104799520048,86.3974100389961,1.5016062191465174,-0.1906237598318305
"Stammen, Craig",2022,R,682.0,-2.484138116188381,5.652304879512049,6.780352594740526,88.34514209579041,-1.1515763973782565,-0.34944204672268736
"Stanek, Ryne",2022,R,929.0,-0.51905119,6.412148820000001,6.015511620000002,94.09825938,0.21513438772107188,2.048084448093518
"Stashak, Cody",2022,R,227.0,-0.9385347800000001,5.94308464,5.90884712,86.23661007999999,1.051292890865489,-0.48828411004614997
"Staumont, Josh",2022,R,731.0,-0.71567789,6.34765886,6.608440460000001,91.41234429000001,-0.31320299222860676,1.3214380268656678
"Steckenrider, Drew",2022,R,286.0,-1.016184,6.31321956,6.02729437,91.04580718,0.4019116841197571,1.1615885980946796
"Steele, Justin",2022,L,2032.0,1.8607766,6.10137395,6.25820779,88.5362795,1.3225714934783384,0.3587368280495431
"Stephan, Trevor",2022,R,1102.0,-1.8514516400000003,5.78024636,6.578608460000001,91.55821262,-1.0384054325272407,0.6104683648563054
"Stephens, Jackson",2022,R,971.0,-0.9896155400000001,6.11452669,5.70125626,88.0793831,1.1565180207265466,0.17263414497465662
"Stephenson, Robert",2022,R,939.0,-1.1597492050794922,5.889601529847016,6.082110808919109,90.05090862913708,0.15990744041882357,0.38030080456734433
"Stout, Eric",2022,L,450.0,2.8983825999999997,5.55238537,5.79596342,85.02745553,2.477829945408548,-1.1845326437907358
"Strahm, Matt",2022,L,742.0,2.391880558055805,5.385685698569858,6.26332400240024,90.53814291429144,0.7753049410948278,-0.04040894526690941
"Stratton, Chris",2022,R,1148.0,-1.6974194699999998,5.897552469999999,6.5515407,87.62865939000001,-0.3132266283686368,-0.20277583964655882
"Strickland, Hunter",2022,R,1095.0,-3.0571839983998403,5.830181458145815,6.0214202020202015,90.80091270127012,-0.5642034320601602,0.43900796624668664
"Strider, Spencer",2022,R,2386.0,-2.09262061,5.68574668,6.9179834,94.35070085000001,-2.0410529572741014,1.1812722039527763
"Stripling, Ross",2022,R,2044.0,-1.0341697030296972,6.974100719928007,5.9587886011398865,86.61181457854215,1.5290262379752853,0.9055641759661543
"Stroman, Marcus",2022,R,2181.0,-1.0648883711628838,5.245601259874012,5.771625277472252,89.19952221777821,0.34116114163865524,-0.6498805628694991
"Strzelecki, Peter",2022,R,583.0,-2.62780349,5.06108942,6.48233292,88.6125788,-1.1983545545052512,-1.0439991117926646
"Suarez, José",2022,L,1907.0,2.3485912000000004,5.26065484,6.109138979999999,85.92918372,1.5526781616353995,-1.335702451814168
"Suarez, Ranger",2022,L,2682.0,2.251206299370062,5.849490300969902,6.1724090090990895,89.26028825117488,1.3171324404731055,0.2254009550536563
"Suarez, Robert",2022,R,901.0,-1.4102894499999998,6.041068300000001,6.754600259999998,94.94931989000001,-1.4487221484933723,1.7892420557462876
"Sulser, Beau",2022,R,360.0,-1.7881796499999998,6.07659689,6.418343139999999,87.80665573,-0.07977730010888598,0.06051511568358902
"Sulser, Cole",2022,R,640.0,-1.7122773100000002,5.79152437,6.7324681900000005,87.49468629,-0.6098375210088277,-0.3641671958226304
"Suter, Brent",2022,L,1077.0,2.9137714800000003,6.229988590000001,7.14064479,83.84695353000001,1.243078854555762,-0.5745068105710486
"Swanson, Erik",2022,R,872.0,-1.07322818,6.23585155,6.74515148,89.30407703,-0.3903274960807117,0.6580009179893118
"Swarmer, Matt",2022,R,657.0,-1.1552823017698228,6.756346135386461,6.220717358264174,85.43657439256073,1.165921040157253,0.3473412269016535
"Syndergaard, Noah",2022,R,2158.0,-0.7825882711728827,6.240106779322068,6.675417028297171,88.79660276972304,-0.11891320519016349,0.5439792801160126
"Szapucki, Thomas",2022,L,271.0,2.25953738,5.634578860000001,6.226962499999999,89.41262098,1.0923213683526687,-0.0067588473285987915
"Sánchez, Aníbal",2022,R,1232.0,-0.28287578,5.93887135,6.30171479,85.25926553000001,0.8844411690246029,-0.7041342244980625
"Sánchez, Cristopher",2022,L,713.0,1.5312229899999998,6.22956631,7.075334979999999,89.76575901,0.0011262726757291952,0.8403843323468815
"Sánchez, Miguel",2022,R,211.0,-1.3038508550855088,5.8789711771177116,6.121323302330233,90.40409158915892,-0.0007284125372726369,0.451149070684774
"Taillon, Jameson",2022,R,2932.0,-1.4219680899999998,6.0972409999999995,6.571763529999999,89.77490496,-0.42927023831376043,0.5839735304910647
"Tapia, Domingo",2022,R,363.0,-1.6764869799999997,5.63163814,5.93884128,94.70195045,-0.6503794350479081,1.1781983626959742
"Tate, Dillon",2022,R,1055.0,-1.87886707,5.25995818,6.41117453,88.22886070999999,-0.6632661590093766,-0.8701372004823513
"Taylor, Blake",2022,L,323.0,1.3236588,6.17533672,6.623512160000001,90.417584,0.4152237729566968,0.9120203319836566
"Tepera, Ryan",2022,R,912.0,-2.01153621,5.73656193,6.368560619999999,88.8591311,-0.4495661067050723,-0.11805133568330416
"Tetreault, Jackson",2022,R,365.0,-2.3618706799999996,5.8622481099999995,7.120287099999999,90.82540477,-1.7965489438864295,0.5386390515292023
"Thielbar, Caleb",2022,L,1012.0,0.349424,6.039609500000001,6.2527274,84.92244291000002,1.2817798869742112,-0.6449983356791787
"Thompson, Keegan",2022,R,1830.0,-1.4615721372137214,5.776780058005801,6.226555535553556,89.85094531453146,-0.18212419823500722,0.18564161302891705
"Thompson, Mason",2022,R,368.0,-2.108493550000001,5.91102626,6.70356878,93.02390805000002,-1.4273863988062034,1.132921588413067
"Thompson, Ryan",2022,R,695.0,-3.445710411041104,3.7419335333533352,6.639654045404541,85.90140408040804,-2.118719142733901,-3.39184892642538
"Thompson, Zach",2022,R,2209.0,-0.9037093900000001,6.644542820000001,6.20886866,86.64460754000001,1.0282748510069324,0.5086283670138348
"Thompson, Zack",2022,L,575.0,1.1579287100000002,5.936099109999999,6.681882159999999,87.57782989,0.5379577876352512,-0.08958868105741159
"Thornburg, Tyler",2022,R,362.0,-1.5377619699999998,5.789508519999999,6.318805279999999,87.88996814000001,-0.04532580731064026,-0.2785667029991005
"Thornton, Trent",2022,R,711.0,-1.27695191,5.6141565799999995,6.08056759,87.07416606,0.3782981960005753,-0.7013688110356998
"Tinoco, Jesus",2022,R,350.0,-1.4482246,5.8449344100000005,6.01142415,91.60789708,-0.09525462628726268,0.6964007609693668
"Toussaint, Touki",2022,R,431.0,-1.6381266473352665,5.391968643135687,7.0116212078792115,85.53724485551444,-0.9276790404672969,-1.3385365748076825
"Trivino III, Lou",2022,R,1005.0,-1.6056027297270272,6.017512088791121,6.358991460853914,90.53838332166782,-0.3628790733438771,0.6591069165451598
"Uceta, Edwin",2022,R,292.0,-1.6780148300000002,5.071012200000001,6.060620790000001,89.88129749000001,-0.46991902498686217,-0.7094338370069451
"Uelmen, Erich",2022,R,456.0,-3.41647927,4.6369317699999995,6.728944629999999,89.89738391,-2.2527028410505956,-1.2766828505256693
"Underwood Jr., Duane",2022,R,1013.0,-2.230753114688531,6.19745583441656,6.457557544245575,91.63759556044396,-0.7619463013590998,1.1434900744306034
"Ureña, José",2022,R,1622.0,-1.77746973,5.837234969999999,6.25065692,92.61588259,-0.6839677686754999,0.9333952228129864
"Urquidy, José",2022,R,2680.0,-1.4908830299999998,6.29293859,5.93526018,88.14306837999999,0.7642403861582137,0.4084322133688757
"Urías, Julio",2022,L,2762.0,1.6342262,5.92909667,5.70601657,87.80378558000001,1.9920403350447613,-0.06226320259065495
"Valdez, Framber",2022,L,3252.0,0.8743469,6.07647266,5.90097358,88.04913312000001,1.5173867814920383,0.17106491877385865
"Valdez, Phillips",2022,R,287.0,-2.18771179,5.052605870000001,6.89230972,89.88476971,-1.7884380012757584,-0.7180421375496036
"Varland, Louis",2022,R,337.0,-2.00535908,5.320307839999999,6.69228191,89.53510161,-1.2389560535523065,-0.4674478610092953
"Velasquez, Vince",2022,R,1286.0,-1.2653556755675568,5.631343374337433,6.58574900490049,88.79348132813281,-0.5389046063218028,-0.2410879665704991
"VerHagen, Drew",2022,R,490.0,-1.27091846,6.64645284,6.04364851,88.7228848,0.8278504459702802,1.0064725105456223
"Verlander, Justin",2022,R,2881.0,-1.589470287028703,6.973448144814482,6.056154655465545,89.68379955995599,0.762684681217471,1.6477374342836455
"Vesia, Alex",2022,L,1009.0,0.92090608,5.789033679999999,6.4475172,90.7730564,0.22548956080745156,0.49528445463217907
"Vespi, Nick",2022,L,446.0,2.43980642,6.41142051,5.76233989,85.48037430000001,2.8255712814908875,-0.0008302343083952685
"Vest, Will",2022,R,1104.0,-2.4004712599999998,5.64845175,6.12354463,91.41690438,-0.6731781229600349,0.3806295829087906
"Vieaux, Cam",2022,L,236.0,1.862348,5.47404504,5.94616848,86.81487344,1.6081630616001337,-0.8663542675618723
"Voth, Austin",2022,R,1762.0,-2.6393395,5.80755218,6.189317630000001,87.05030975,-0.12298254157599807,-0.49410576407103574
"Wacha, Michael",2022,R,1949.0,-1.3585376500000002,6.637037660000002,6.600362329999999,88.30488378,0.09578147538953673,0.907674877471346
"Wainwright, Adam",2022,R,3197.0,-1.12199033,6.305473200000001,6.41274313,82.05738059,1.124148384275874,-1.0446759828721073
"Waldichuk, Ken",2022,L,490.0,2.822873427342735,5.494934393439345,7.00161793179318,87.95897437743774,0.36018407849845346,-0.5006779395110544
"Walker, Taijuan",2022,R,2553.0,-2.19206152,6.42618344,5.97273432,88.82801626,0.4521977263219903,0.7282307086978018
"Wantz, Andrew",2022,R,815.0,-1.8123183181681832,6.050430356964303,6.122931716828318,88.89515956404361,0.140793243682243,0.2844994202326323
"Warren, Art",2022,R,655.0,-2.22130688,5.77933094,6.36684652,88.81077984000001,-0.48732948689804084,-0.08128579814581459
"Warren, Austin",2022,R,288.0,-1.8806297400000003,5.357192510000001,6.37465899,90.36883906,-0.8610847965809807,-0.22325827657865385
"Watkins, Spenser",2022,R,1642.0,-1.86936549,6.31917702,6.220119680000001,86.23115804,0.5353344584779556,-0.028165244837567563
"Weaver, Luke",2022,R,736.0,-1.4385080400000003,5.62371228,5.7349239800000005,91.16309112,0.2113413244436672,0.2990756394582491
"Webb, Logan",2022,R,3006.0,-1.4974767123287673,4.825775922407759,6.73380096990301,87.09445705429458,-1.0719111047334324,-1.6770107203131428
"Weems, Jordan",2022,R,720.0,-1.78567438,6.055431929999999,6.5610963700000005,93.26900677,-1.067781944644926,1.379161193936192
"Weiss, Zack",2022,R,209.0,-2.3661297870212983,5.824511888811119,6.107204069593042,89.46976315368464,-0.25216631762981245,0.12549004706457376
"Wells, Tyler",2022,R,1752.0,-1.0999402000000003,6.855954290000001,6.347013270000001,88.71438286000001,0.605614834929889,1.2831960587361722
"Wendelken, J.B.",2022,R,540.0,-2.3024411,5.7605803799999995,6.19169454,91.16070535,-0.6259462662366824,0.46410193538633654
"Wentz, Joey",2022,L,555.0,0.7896538,6.25169044,6.202129020000001,87.69858608,1.2368046538059798,0.31393344222261316
"Wesneski, Hayden",2022,R,495.0,-1.95656222,5.54583676,6.69372261,88.06151931999999,-0.8744827732221011,-0.5429133847845731
"Wheeler, Zack",2022,R,2772.0,-1.6644878500000002,5.4922006,7.22322049,92.66133244,-2.1826538256516685,0.5428340258891314
"White, Mitch",2022,R,1715.0,-1.6856556255625563,6.097539233923393,6.260881238123812,88.89995141514153,0.026027650532592633,0.3528631601231593
"Whitley, Kodi",2022,R,286.0,-0.55558289,6.249850079999999,6.40526686,88.22334346,0.4150610250573134,0.4126687118417936
"Whitlock, Garrett",2022,R,1213.0,-1.598950514948505,5.610757394260574,7.245505399460053,91.02184617538248,-1.8825059002713262,0.29259712789938813
"Wick, Rowan",2022,R,1117.0,-1.577491080891911,5.823846575342467,6.647340675932407,89.93612378762124,-0.7769926967352835,0.2766088668993451
"Widener, Taylor",2022,R,316.0,-2.570083661633837,5.25786593340666,6.62940207979202,91.03471736826319,-1.6038766641572741,-0.1946751264346631
"Williams, Devin",2022,R,1041.0,-1.9492239599999996,5.278748349999999,7.428912309999999,87.59015314,-1.9660778440248163,-0.9721858809635683
"Williams, Trevor",2022,R,1470.0,-2.3396831716828315,5.009543265673433,6.737026757324268,87.81628323167685,-1.3610031948785395,-1.2890273638271477
"Wilson, Bryse",2022,R,1885.0,-1.84345999,5.47952052,6.5116584799999995,87.89618669999999,-0.6049137507472875,-0.670258576917322
"Wilson, Steven",2022,R,936.0,-1.78341049,5.50501107,6.78044798,88.90457246999999,-1.0774819463879926,-0.3803610485139818
"Winckowski, Josh",2022,R,1194.0,-1.7396611661166117,5.992646684668466,6.491956525652565,90.3638520852085,-0.5804156394480569,0.5857191683287591
"Winder, Josh",2022,R,1157.0,-0.7215304600000001,6.2489092500000005,5.66517904,88.5238992,1.3179086238332178,0.4571886609105586
"Wisler, Matt",2022,R,785.0,-1.63351135,6.12489596,5.7882883099999995,80.58422361999999,1.893135129693094,-1.6675460170422203
"Wittgren, Nick",2022,R,508.0,-2.265587831216878,5.570612478752126,6.855310038996102,87.86765613438656,-1.158738418702209,-0.5618667686388699
"Wood, Alex",2022,L,2239.0,2.27028586,4.8174556,6.21890581,88.30363934,0.7644146987848455,-1.3112941205041815
"Woodford, Jake",2022,R,765.0,-2.62675838,5.67233271,6.47255787,87.53842209,-0.6558538080494701,-0.5356935519464083
"Woodruff, Brandon",2022,R,2538.0,-1.2570131000000002,5.881927150000001,6.59726595,92.04914836,-0.864041601444244,0.8751806108580001
"Wright, Kyle",2022,R,2780.0,-1.80141525,5.59220856,6.53534969,89.95232135,-0.8476557798469039,-0.02137950902018525
"Yacabonis, Jimmy",2022,R,329.0,-2.29625692,5.3752201799999995,5.93952614,89.20253074,-0.23762219988000288,-0.5113551750044926
"Yajure, Miguel",2022,R,471.0,-1.3982997099709973,6.086757755775578,6.07345814581458,87.95839376937693,0.5089466775830185,0.10942548155486108
"Yarbrough, Ryan",2022,L,1397.0,3.0416358500000005,5.12334375,6.384614930000001,79.28315489000002,2.2882310486464315,-3.113904775819775
"Young, Alex",2022,L,440.0,2.0963433156684332,5.828384191580843,5.871366393360664,85.89463476652335,2.1405898804313,-0.6409995700731241
"Zeuch, T.J.",2022,R,250.0,-1.4823572,5.7325332,6.6596148,87.1271772,-0.4142447980016768,-0.525387835023574
"Zimmermann, Bruce",2022,L,1127.0,0.97030794,6.127584130000001,6.09201501,86.58073035999999,1.5332484159548414,-0.1161802812089865
"deGrom, Jacob",2022,R,1005.0,-1.4567119711971197,5.600759085908591,6.655651195119512,94.97319354935493,-1.6042383419776551,1.2344464112474636
