player_name,season,pitcher_effectiveness,pitcher_command,trusted_velocity_score,trusted_movement_score,trusted_tunneling_score,raw_tunneling_score,pitcher_effectiveness_contribution,pitcher_command_contribution,trusted_velocity_score_contribution,trusted_movement_score_contribution,paom_score,paom_confidence,effectiveness_confidence,movement_confidence,command_confidence,velocity_confidence
"Nola, Aaron",2020,100.0,91.38755980861244,64.5933014354067,88.03827751196172,,,71.1837105183389,12.053464752947805,4.2132133240638,8.015196450929933,95.46558504628044,28.457463953413416,28.457463953413416,100.0,94.6486643437863,100.0
"deGrom, Jacob",2020,99.52153110047847,96.65071770334929,77.51196172248804,34.44976076555024,,,70.8431186019832,12.747643351285115,5.0558559888765595,3.1363812199291043,91.78299916207399,30.679885845665943,30.679885845665943,75.0,93.7391304347826,75.0
"Kershaw, Clayton",2020,95.69377990430623,82.77511961722487,61.24401913875598,59.80861244019139,,,68.1183832711377,10.917536137486755,3.9947504109641954,5.44510628459914,88.47577610418779,35.24705205199642,35.24705205199642,75.0,96.13095238095238,75.0
"Ryu, Hyun Jin",2020,97.1291866028708,85.16746411483254,42.10526315789473,51.196172248803826,,,69.14015902020475,11.233071864003715,2.7463909075378843,4.661010979616863,87.78063277136322,27.029039463886825,27.029039463886825,100.0,83.47673733804476,100.0
"Hendriks, Liam",2020,94.73684210526315,85.64593301435407,49.282296650717704,56.45933014354066,,,67.43719943842632,11.296179009307107,3.214525721322751,5.140180332661587,87.08808450171777,25.0936329588015,25.0936329588015,50.0,83.82738095238096,50.0
"López, Pablo",2020,90.43062200956938,95.21531100478468,88.99521531100478,44.49760765550239,,,64.37187219122512,12.558321915374938,5.804871690932346,4.05115907574176,86.78622487327416,27.851971177163446,27.851971177163446,100.0,82.62437059415912,100.0
"Bieber, Shane",2020,88.03827751196172,90.9090909090909,45.933014354066984,96.17224880382776,,,62.668912609446686,11.990357607644414,2.9960628082231464,8.755730905635417,86.41106393094967,27.823689415501764,27.823689415501764,100.0,82.92568659127625,100.0
"Matzek, Tyler",2020,89.47368421052632,75.11961722488039,81.3397129186603,71.29186602870813,,,63.690688358513746,9.90782181263249,5.305527889561823,6.490566691242174,85.39460475195023,28.31541218637993,28.31541218637993,75.0,79.06774580335731,75.0
"Wisler, Matt",2020,91.86602870813397,77.03349282296651,26.31578947368421,80.38277511961722,,,65.39364794029218,10.160250393846056,1.7164943172111775,7.318222846501243,84.58861549785065,26.199261992619927,26.199261992619927,50.0,87.58278145695364,50.0
"McGee, Jake",2020,95.21531100478468,99.04306220095694,22.966507177033492,24.16267942583732,,,67.777791354782,13.063179077802072,1.4980314041115732,2.1998229389780524,84.5388247756737,25.0,28.825622775800717,25.0,100.0,25.0
"Maeda, Kenta",2020,99.04306220095694,94.73684210526315,8.133971291866029,10.526315789473683,,,70.50252668562752,12.495214770071547,0.5305527889561822,0.9583387060894485,84.48663295074469,29.81678486997636,29.81678486997636,100.0,85.3610810810811,100.0
"Williams, Devin",2020,98.56459330143541,29.1866028708134,65.55023923444976,58.85167464114832,,,70.16193476927182,3.8495358635068913,4.2756312992351155,5.357984584045553,83.64508651605938,20.948616600790515,20.948616600790515,50.0,69.91185897435898,50.0
"Eflin, Zach",2020,86.60287081339713,73.20574162679426,90.43062200956938,63.1578947368421,,,61.64713686037962,9.655393231418923,5.89849865368932,5.750032236536691,82.95106098202456,31.74061433447099,31.74061433447099,100.0,76.28863198458575,100.0
"Castillo, Luis",2020,92.82296650717703,75.5980861244019,91.86602870813397,7.177033492822966,,,66.07483177300357,9.970928957935879,5.992125616446293,0.6534127541518967,82.69129910153764,33.89689889454448,33.89689889454448,100.0,95.94612526539278,100.0
"Suter, Brent",2020,93.77990430622009,98.08612440191388,4.30622009569378,29.1866028708134,,,66.75601560571494,12.93696478719529,0.28088088827092,2.65721186688438,82.63107314806552,30.069930069930063,30.069930069930063,50.0,87.68257575757575,50.0
"Peralta, Freddy",2020,91.38755980861244,30.14354066985646,79.90430622009569,91.38755980861244,,,65.0530560239365,3.9757501541136744,5.211900926804849,8.320122402867485,82.5608295077225,24.52830188679245,24.52830188679245,75.0,78.11989956057754,75.0
"Tanaka, Masahiro",2020,90.9090909090909,79.90430622009569,86.1244019138756,17.22488038277512,,,64.71246410758081,10.538893265666406,5.6176177654184,1.5681906099645522,82.43716574863016,27.1073343141271,27.1073343141271,100.0,73.40380047505937,100.0
"Castillo, Diego",2020,96.17224880382776,34.44976076555024,55.50239234449761,63.63636363636363,,,68.4589751874934,4.543714461844199,3.620242559936302,5.793593086813484,82.41652529608739,22.17898832684825,22.17898832684825,50.0,82.72727272727272,50.0
"Green, Chad",2020,83.25358851674642,94.25837320574163,51.196172248803826,77.99043062200957,,,59.262993445889805,12.432107624768157,3.339361671665382,7.100418595117278,82.13488133744062,24.52830188679245,24.52830188679245,50.0,84.81280445372303,50.0
"Milone, Tommy",2020,97.60765550239235,69.377990430622,1.4354066985645932,37.32057416267943,,,69.48075093656045,9.150536068991789,0.09362696275697333,3.3977463215898633,82.12266028989907,30.79584775086505,30.79584775086505,75.0,87.25357873210632,75.0
"Sánchez, Aníbal",2020,98.08612440191388,56.9377990430622,67.94258373205741,1.9138755980861244,,,69.82134285291615,7.5097502911036065,4.431676237163404,0.17424340110717246,81.93701278229032,27.27272727272727,27.27272727272727,100.0,72.85866942433644,100.0
"Flaherty, Jack",2020,79.90430622009569,81.81818181818183,92.34449760765551,79.90430622009569,,,56.87885003139998,10.791321846879974,6.023334604031952,7.2746619962244505,80.96816847853636,22.74210447537794,22.74210447537794,100.0,77.28337428337427,100.0
"Karinchak, James",2020,94.25837320574163,22.48803827751196,58.85167464114832,72.24880382775119,,,67.09660752207064,2.9660358292594076,3.838705473035906,6.57768839179576,80.47903721616171,16.666666666666664,16.666666666666664,50.0,78.0014245014245,50.0
"Woodruff, Brandon",2020,82.29665071770334,97.1291866028708,93.30143540669856,26.794258373205743,,,58.581809613178415,12.810750496588504,6.085752579203266,2.4394076155004147,79.9177203044706,29.2337129196119,29.2337129196119,100.0,84.77743510665637,100.0
"Fried, Max",2020,80.86124401913875,58.85167464114832,94.73684210526315,89.95215311004785,,,57.560033864111354,7.762178872317173,6.179379541960239,8.189439852037106,79.69103213042588,31.654361722399045,31.654361722399045,100.0,85.60221465076661,100.0
"Holland, Greg",2020,96.65071770334929,27.751196172248804,57.89473684210527,27.751196172248804,,,68.79956710384907,3.6602144275967157,3.7762874978645913,2.5265293160540008,78.76259834536437,22.779922779922774,22.779922779922774,75.0,61.175280898876395,75.0
"Hendricks, Kyle",2020,87.08133971291866,79.42583732057416,5.263157894736842,61.72248803827751,,,61.98772877673531,10.475786120363015,0.34329886344223554,5.619349685706312,78.42616344624686,34.11307313047067,34.11307313047067,100.0,89.92115942028985,100.0
"Davies, Zach",2020,89.95215311004785,100.0,1.9138755980861244,0.4784688995215311,,,64.03128027486943,13.189393368408856,0.1248359503426311,0.043560850276793114,77.38907044389771,37.53610516186871,37.53610516186871,100.0,89.20208152645273,100.0
"Buehler, Walker",2020,78.94736842105263,45.933014354066984,97.60765550239235,95.69377990430623,,,56.1976661986886,6.058285949125598,6.366633467474187,8.712170055358623,77.33475567064701,30.55555555555556,30.55555555555556,100.0,73.00921187308087,100.0
"Hill, Rich",2020,79.42583732057416,82.29665071770334,17.703349282296653,87.5598086124402,,,56.538258115044286,10.854428992183363,1.1547325406693378,7.971635600653141,76.51905524855013,23.371647509578544,23.371647509578544,50.0,90.83363914373089,50.0
"Means, John",2020,80.38277511961722,44.01913875598086,83.73205741626795,80.86124401913875,,,57.21944194775566,5.805857367912032,5.461572827490111,7.361783696778036,75.84865583993584,23.07692307692308,23.07692307692308,100.0,74.10335570469799,100.0
"Kolarek, Adam",2020,84.21052631578947,96.17224880382776,14.832535885167463,24.16267942583732,,,59.94417727860117,12.684536205981724,0.967478615155391,2.1998229389780524,75.79601503871633,25.0,25.37313432835821,25.0,87.0,25.0
"Rodríguez, Richard",2020,75.11961722488039,89.47368421052632,34.92822966507177,81.81818181818183,,,53.4729308678431,11.80103617173424,2.2782560937530176,7.4489053973316235,75.00112853066199,21.568627450980397,21.568627450980397,50.0,77.65638389031707,50.0
"Sánchez, Sixto",2020,85.16746411483254,53.110047846889955,97.1291866028708,8.61244019138756,,,60.62536111131256,7.004893128676474,6.335424479888528,0.7840953049822761,74.74977402485983,21.25984251968504,21.25984251968504,100.0,54.80515759312321,100.0
"Wainwright, Adam",2020,76.55502392344498,61.72248803827751,25.358851674641148,98.08612440191388,,,54.49470661691016,8.140821744137524,1.654076342039862,8.929974306742588,73.21957900983014,27.083600444334365,27.083600444334365,100.0,84.82856169052488,100.0
"Ponce de Leon, Daniel",2020,77.99043062200957,33.014354066985646,71.77033492822966,92.34449760765551,,,55.516482365977225,4.354393025934024,4.681348137848666,8.407244103421073,72.95946763318099,28.05755395683453,28.05755395683453,75.0,78.97128205128205,75.0
"Berríos, José",2020,82.77511961722487,34.92822966507177,62.20095693779905,57.89473684210527,,,58.922401529534106,4.60682160714759,4.057168386135511,5.270862883491968,72.85725440630918,25.93524486605709,25.93524486605709,100.0,91.35087719298247,100.0
"Gray, Sonny",2020,74.64114832535886,55.02392344497608,43.54066985645933,99.04306220095694,,,53.132338951487405,7.25732170989004,2.8400178702948575,9.017096007296175,72.24677453896848,20.948616600790515,20.948616600790515,100.0,81.6261117040199,100.0
"Gonzales, Marco",2020,72.24880382775119,84.688995215311,2.8708133971291865,97.1291866028708,,,51.429379369708954,11.16996471870032,0.18725392551394665,8.842852606189002,71.62945062011222,30.071759707183322,30.071759707183322,100.0,82.31623931623932,100.0
"Rogers, Tyler",2020,83.73205741626795,37.79904306220095,0.4784688995215311,75.5980861244019,,,59.60358536224549,4.985464478967939,0.031208987585657776,6.882614343733311,71.50287317253239,21.875,21.875,75.0,64.2197962154294,75.0
"Giolito, Lucas",2020,88.51674641148325,23.444976076555022,61.72248803827751,14.354066985645932,,,63.00950452580237,3.0922501198661907,4.025959398549853,1.3068255083037934,71.43453955252221,34.34225270598087,34.34225270598087,75.0,93.99362174154187,75.0
"Brubaker, JT",2020,71.77033492822966,84.21052631578947,72.72727272727273,48.803827751196174,,,51.08878745335327,11.10685757339693,4.743766113019983,4.443206728232898,71.38261786800308,25.330174759539773,25.330174759539773,100.0,75.09288194444446,100.0
"Stratton, Chris",2020,77.51196172248804,39.23444976076555,59.80861244019139,77.03349282296651,,,55.175890449621534,5.1747859148781155,3.901123448207222,7.013296894563692,71.26509670727056,17.695473251028808,17.695473251028808,100.0,59.35222425350396,100.0
"Colomé, Alex",2020,93.30143540669856,4.784688995215311,21.052631578947366,28.708133971291865,,,66.41542368935926,0.6310714530339165,1.3731954537689421,2.613651016607587,71.0333416127697,24.81203007518797,24.81203007518797,50.0,74.2874779541446,50.0
"Pomeranz, Drew",2020,67.94258373205741,93.77990430622009,41.14832535885167,81.3397129186603,,,48.364052122507765,12.369000479464763,2.6839729323665686,7.40534454705483,70.82237008139393,20.0,20.0,50.0,83.19194515852612,50.0
"Lamet, Dinelson",2020,88.99521531100478,1.9138755980861244,80.38277511961722,19.138755980861244,,,63.35009644215806,0.2524285812135666,5.243109914390506,1.7424340110717247,70.58806894883385,33.250452079566,33.250452079566,75.0,93.72498406628426,75.0
"Rosenthal, Trevor",2020,81.81818181818183,8.133971291866029,67.46411483253588,68.89952153110048,,,58.24121769682274,1.0728214701576582,4.400467249577747,6.272762439858209,69.98726885641635,20.318725099601597,20.318725099601597,50.0,80.92055267702936,50.0
"Britton, Zack",2020,81.3397129186603,4.30622009569378,58.3732057416268,78.94736842105263,,,57.90062578046705,0.5679643077305249,3.807496485450249,7.187540295670864,69.46362686931869,25.37313432835821,25.37313432835821,50.0,82.96771130104464,50.0
"Treinen, Blake",2020,68.42105263157895,90.43062200956938,66.98564593301435,45.45454545454545,,,48.70464403886345,11.927250462341021,4.369258261992089,4.138280776295346,69.1394335394919,25.650557620817843,25.650557620817843,75.0,71.7185628742515,75.0
"Carrasco, Carlos",2020,85.64593301435407,19.617224880382775,36.84210526315789,33.49282296650718,,,60.96595302766824,2.5873929574390577,2.4030920440956485,3.0492595193755183,69.00569754857847,26.238584221369088,26.238584221369088,100.0,89.99909173478656,100.0
"Díaz, Edwin",2020,84.688995215311,2.8708133971291865,57.41626794258373,49.760765550239235,,,60.28476919495686,0.3786428718203499,3.7450785102789332,4.5303284287864845,68.93881900584263,18.0327868852459,18.0327868852459,50.0,83.72549019607843,50.0
"Bauer, Trevor",2020,75.5980861244019,8.61244019138756,74.16267942583733,100.0,,,53.813522784198774,1.1359286154610497,4.837393075776956,9.104217707849761,68.89106218328654,32.432432432432435,32.432432432432435,100.0,83.40046096225872,100.0
"Loup, Aaron",2020,74.16267942583733,80.86124401913875,15.311004784688995,42.10526315789473,,,52.79174703513172,10.665107556273188,0.9986876027410488,3.833354824357794,68.28889701850375,17.355371900826448,17.355371900826448,50.0,60.98463016330452,50.0
"Valdez, Phillips",2020,92.34449760765551,0.9569377990430622,15.789473684210526,14.832535885167463,,,65.73423985664789,0.1262142906067833,1.0298965903267066,1.3503863585805864,68.24073709616196,23.07692307692308,23.07692307692308,50.0,79.9589422407794,50.0
"Barria, Jaime",2020,87.5598086124402,35.88516746411483,10.047846889952153,2.3923444976076556,,,62.328320693090994,4.733035897754373,0.6553887392988132,0.21780425138396559,67.93454958152815,23.07692307692308,23.07692307692308,100.0,56.49902152641879,100.0
"Stammen, Craig",2020,72.72727272727273,50.717703349282296,29.665071770334926,77.51196172248804,,,51.76997128606465,6.689357402159515,1.934957230310782,7.056857744840485,67.45114366337543,24.52830188679245,24.52830188679245,75.0,60.63544303797468,75.0
"Fairbanks, Pete",2020,78.4688995215311,18.660287081339714,64.11483253588517,53.588516746411486,,,55.85707428233291,2.4611786668322746,4.182004336478142,4.8788152310008295,67.37907251664416,24.82295929402141,24.82295929402141,50.0,97.8731343283582,50.0
"Jackson, Luke",2020,73.68421052631578,38.75598086124402,48.32535885167464,72.72727272727273,,,52.45115511877602,5.111678769574724,3.1521077461514357,6.621249242072555,67.33619087657473,22.17898832684825,22.17898832684825,75.0,58.554633471645914,75.0
"Yamaguchi, Shun",2020,86.1244019138756,14.832535885167463,9.569377990430622,33.014354066985646,,,61.30654494402393,1.9563215044051412,0.6241797517131555,3.005698669098725,66.89274486924096,21.25984251968504,21.25984251968504,75.0,60.412406271301975,75.0
"Fleming, Josh",2020,73.20574162679426,95.69377990430623,10.526315789473683,12.440191387559809,,,52.110563202420344,12.62142906067833,0.6865977268844711,1.1325821071966211,66.55117209717977,31.03448275862069,31.03448275862069,75.0,74.23511356660528,75.0
"Gallen, Zac",2020,69.377990430622,64.11483253588517,46.889952153110045,58.3732057416268,,,49.385827871574826,8.456357470654481,3.058480783394462,5.31442373376876,66.21508985939253,25.344830648005097,25.344830648005097,100.0,77.85620328849029,100.0
"McKenzie, Triston",2020,71.29186602870813,60.28708133971292,45.45454545454545,35.88516746411483,,,50.74819553699758,7.951500308227349,2.964853820637489,3.2670637707594836,64.93161343662189,22.779922779922774,22.779922779922774,100.0,66.34909090909093,100.0
"Anderson, Ian",2020,77.03349282296651,10.047846889952153,75.5980861244019,40.66985645933015,,,54.83529853326585,1.3252500513712246,4.931020038533928,3.702672273527415,64.79424089669843,25.38475266849186,25.38475266849186,75.0,90.71480671043034,75.0
"Singer, Brady",2020,76.07655502392345,9.569377990430622,32.535885167464116,76.07655502392345,,,54.15411470055447,1.262142906067833,2.1222111558247287,6.9261751940101055,64.46464395645714,33.32262239574658,33.32262239574658,50.0,96.08395989974937,50.0
"Dayton, Grant",2020,58.3732057416268,99.52153110047847,31.57894736842105,83.73205741626795,,,41.552213795393996,13.126286223105463,2.059793180653413,7.623148798438796,64.36144199759167,26.73992673992674,26.73992673992674,50.0,87.50062189054725,50.0
"Tomlin, Josh",2020,70.33492822966507,71.77033492822966,7.177033492822966,46.889952153110045,,,50.0670117042862,9.466071795508746,0.46813481378486665,4.268963327125725,64.27018164070554,32.20338983050847,32.20338983050847,75.0,75.5909604519774,75.0
"Greinke, Zack",2020,64.11483253588517,92.34449760765551,23.444976076555022,52.15311004784689,,,45.63931679166226,12.179679043554591,1.529240391697231,4.74813268017045,64.09636890708452,27.65977953518518,27.65977953518518,100.0,82.31531531531532,100.0
"Morton, Charlie",2020,55.02392344497608,76.55502392344498,86.60287081339713,97.60765550239235,,,39.168070380904176,10.097143248542665,5.648826753004058,8.886413456465796,63.800453838916695,24.535543937406494,24.535543937406494,100.0,87.19597818677575,100.0
"Gausman, Kevin",2020,62.20095693779905,97.60765550239235,87.5598086124402,8.133971291866029,,,44.27694912623951,12.873857641891897,5.711244728175373,0.740534454705483,63.60258595101226,32.44516188144651,32.44516188144651,100.0,84.28615384615385,100.0
"Civale, Aaron",2020,61.24401913875598,66.50717703349282,66.02870813397129,69.377990430622,,,43.595765293528125,8.77189319717144,4.306840286820774,6.316323290135002,62.990822067655344,28.389299248205035,28.389299248205035,100.0,84.72799545712664,100.0
"Yarbrough, Ryan",2020,65.55023923444976,89.95215311004785,8.61244019138756,41.14832535885167,,,46.66109254072932,11.86414331703763,0.56176177654184,3.746233123804208,62.833230758113004,32.54078929019663,32.54078929019663,100.0,88.43613707165109,100.0
"Cole, Gerrit",2020,54.54545454545454,66.98564593301435,95.21531100478468,93.30143540669856,,,38.827478464548484,8.835000342474832,6.210588529545897,8.494365803974658,62.36743314054387,37.93041559201255,37.93041559201255,100.0,92.6013918886489,100.0
"Bundy, Dylan",2020,60.76555023923444,73.68421052631578,55.980861244019145,54.54545454545454,,,43.25517337717243,9.718500376722313,3.6514515475219604,4.965936931554415,61.59106223297112,24.306890014992643,24.306890014992643,100.0,77.30844793713163,100.0
"McCullers Jr., Lance",2020,66.98564593301435,35.406698564593306,38.75598086124402,65.07177033492823,,,47.68286828979639,4.669928752450983,2.5279279944382798,5.924275637643864,60.80500067432952,32.05452976429557,32.05452976429557,75.0,94.33822181484877,75.0
"Jansen, Kenley",2020,67.46411483253588,36.84210526315789,26.794258373205743,64.11483253588517,,,48.02346020615207,4.859250188361156,1.7477033047968356,5.837153937090278,60.46756763640035,22.48062015503876,22.48062015503876,75.0,78.76442015786277,75.0
"Finnegan, Kyle",2020,64.5933014354067,54.54545454545454,33.97129186602871,50.717703349282296,,,45.979908708017945,7.194214564586647,2.215838118581702,4.61745012934007,60.00741152052636,21.25984251968504,21.25984251968504,50.0,82.54275741710293,50.0
"Houser, Adrian",2020,63.1578947368421,41.14832535885167,75.11961722488039,44.97607655502392,,,44.95813295895088,5.427214496091682,4.899811050948271,4.094719926018553,59.379878432009384,35.064935064935064,35.064935064935064,100.0,70.70223152022314,100.0
"Kikuchi, Yusei",2020,70.81339712918661,20.095693779904305,77.99043062200957,12.918660287081341,,,50.4076036206419,2.6505001027424493,5.087064976462218,1.1761429574734144,59.32131165731998,28.57142857142857,28.57142857142857,100.0,85.54675052410902,100.0
"Anderson, Nick",2020,55.50239234449761,87.08133971291866,49.760765550239235,54.066985645933016,,,39.50866229725987,11.485500445217282,3.245734708908409,4.922376081277623,59.16227353266318,22.779922779922774,22.779922779922774,50.0,69.7252931323283,50.0
"Kim, Kwang Hyun",2020,69.85645933014354,13.875598086124402,69.85645933014354,30.62200956937799,,,49.72641978793052,1.8301072137983578,4.556512187506035,2.7878944177147593,58.90093360694967,22.720236698128755,22.720236698128755,100.0,72.45642701525054,100.0
"Montgomery, Jordan",2020,68.89952153110048,43.0622009569378,34.44976076555024,3.349282296650718,,,49.04523595521914,5.679643077305249,2.24704710616736,0.30492595193755184,57.276852090629305,21.535622000738282,21.535622000738282,100.0,60.67037494849608,100.0
"Corbin, Patrick",2020,66.50717703349282,66.02870813397129,11.961722488038278,2.8708133971291865,,,47.3422763734407,8.708786051868048,0.7802246896414444,0.2613651016607587,57.092652216610944,32.52835084410991,32.52835084410991,100.0,88.60930528999363,100.0
"Mahle, Tyler",2020,57.41626794258373,93.30143540669856,22.48803827751196,26.31578947368421,,,40.87102996268262,12.305893334161372,1.4668224165259154,2.395846765223621,57.03959247859353,26.860683133610497,26.860683133610497,75.0,89.91686367218283,75.0
"Freeland, Kyle",2020,65.07177033492823,57.89473684210527,31.100478468899524,10.047846889952153,,,46.320500624373636,7.6359645817103905,2.0285841930677555,0.9147778558126554,56.899827254964435,24.804902677121156,24.804902677121156,100.0,78.50237247924079,100.0
"Keuchel, Dallas",2020,63.63636363636363,65.07177033492823,0.9569377990430622,4.30622009569378,,,45.29872487530657,8.582571761261265,0.06241797517131555,0.39204765249113804,54.33576226423028,25.792733176970337,25.792733176970337,100.0,91.32977967306326,100.0
"Keller, Brad",2020,59.33014354066985,51.196172248803826,18.181818181818183,43.0622009569378,,,42.23339762810537,6.752464547462907,1.1859415282549957,3.9204765249113804,54.09228022873465,27.93343288510929,27.93343288510929,75.0,91.54022988505747,75.0
"Bubic, Kris",2020,58.85167464114832,16.74641148325359,28.708133971291865,84.688995215311,,,41.89280571174968,2.208750085618708,1.8725392551394666,7.710270498992381,53.684365551500235,29.465057395707802,29.465057395707802,75.0,89.75581811672038,75.0
"Thompson, Ryan",2020,45.45454545454545,55.980861244019145,76.07655502392345,95.21531100478468,,,32.35623205379041,7.383536000496824,4.962229026119586,8.668609205081829,53.37060628548865,22.695749592920677,22.695749592920677,75.0,77.03221809169766,75.0
"Wheeler, Zack",2020,44.97607655502392,88.99521531100478,98.56459330143541,32.057416267942585,,,32.015640137434715,11.737929026430848,6.429051442645502,2.918576968545139,53.101197575056204,31.719519130257034,31.719519130257034,100.0,76.79873015873017,100.0
"Alcantara, Sandy",2020,53.110047846889955,64.5933014354067,87.08133971291866,9.569377990430622,,,37.805702715481424,8.519464615957874,5.680035740589715,0.8712170055358623,52.87642007756487,22.779922779922774,22.779922779922774,100.0,66.65428702430079,100.0
"Eovaldi, Nathan",2020,43.0622009569378,83.25358851674642,99.52153110047847,47.368421052631575,,,30.653272472011967,10.98064328279015,6.491469417816818,4.312524177402518,52.43790935002145,22.927223681785023,22.927223681785023,100.0,69.91449474165523,100.0
"Turley, Nik",2020,47.368421052631575,48.32535885167464,68.89952153110048,85.64593301435407,,,33.71859971921316,6.373821675642557,4.49409421233472,7.7973921995459685,52.38390780673641,20.634920634920636,20.634920634920636,50.0,62.91778373547811,50.0
"Paddack, Chris",2020,40.19138755980861,72.72727272727273,84.21052631578947,88.99521531100478,,,28.60972097387783,9.592286086115532,5.492781815075769,8.10231815148352,51.79710702655265,34.339032341605495,34.339032341605495,75.0,94.0652329749104,75.0
"Suero, Wander",2020,66.02870813397129,3.827751196172249,11.004784688995215,38.75598086124402,,,47.00168445708501,0.5048571624271332,0.7178067144701289,3.5284288724202426,51.75277720640252,23.371647509578544,23.371647509578544,50.0,88.09233610341643,50.0
"Akin, Keegan",2020,49.282296650717704,48.803827751196174,50.717703349282296,73.20574162679426,,,35.08096738463591,6.4369288209459485,3.308152684079724,6.664810092349347,51.490858982010934,21.875,21.875,100.0,70.58266666666668,100.0
"Familia, Jeurys",2020,60.28708133971292,24.880382775119617,53.110047846889955,18.181818181818183,,,42.91458146081675,3.281571555776366,3.4641976220080135,1.6553123105181387,51.31566294911927,20.0,20.0,75.0,54.82422802850357,75.0
"Pérez, Martín",2020,53.588516746411486,62.67942583732058,54.066985645933016,11.483253588516746,,,38.146294631837115,8.267036034744308,3.5266155971793287,1.0454604066430349,50.98540667040379,21.49573855380893,21.49573855380893,100.0,76.56986124556309,100.0
"Mills, Alec",2020,37.32057416267943,86.60287081339713,90.9090909090909,76.55502392344498,,,26.566169475743703,11.422393299913889,5.929707641274978,6.969736044286899,50.88800646121947,31.03448275862069,31.03448275862069,100.0,72.15026455026457,100.0
"Burnes, Corbin",2020,57.89473684210527,11.004784688995215,95.69377990430623,21.5311004784689,,,41.21162187903831,1.451464341978008,6.241797517131555,1.9602382624556902,50.86512200060356,23.371647509578544,23.371647509578544,100.0,78.92284263959391,100.0
"Velasquez, Vince",2020,42.10526315789473,70.81339712918661,44.97607655502392,93.77990430622009,,,29.972088639300583,9.339857504901966,2.9336448330518308,8.53792665425145,50.78351763150583,23.371647509578544,23.371647509578544,100.0,69.04458945078848,100.0
"Lynn, Lance",2020,50.717703349282296,72.24880382775119,39.23444976076555,25.837320574162682,,,36.10274313370298,9.52917894081214,2.559136982023938,2.3522859149468287,50.54334497148588,33.24320496314878,33.24320496314878,100.0,91.89908477842005,100.0
"Foster, Matt",2020,62.67942583732058,15.311004784688995,35.406698564593306,15.311004784688995,,,44.61754104259519,2.0194286497085328,2.3094650813386757,1.3939472088573797,50.34038198249977,20.634920634920636,20.634920634920636,50.0,72.63382594417078,50.0
"Taylor, Blake",2020,61.72248803827751,7.177033492822966,30.14354066985646,36.84210526315789,,,43.936357209883816,0.9466071795508747,1.9661662178964399,3.3541854713130697,50.20331607864421,21.875,21.875,50.0,83.86124031007753,50.0
"Skubal, Tarik",2020,59.80861244019139,22.966507177033492,51.674641148325364,11.004784688995215,,,42.573989544461064,3.029142974562799,3.3705706592510403,1.0018995563662416,49.97560273464114,23.954372623574145,23.954372623574145,75.0,75.8723667905824,75.0
"Harris, Will",2020,56.45933014354066,19.138755980861244,14.354066985645932,67.94258373205741,,,40.18984612997124,2.524285812135666,0.9362696275697333,6.185640739304622,49.83604230898126,21.568627450980397,21.568627450980397,50.0,74.75652173913042,50.0
"Rogers, Trevor",2020,48.803827751196174,59.80861244019139,54.54545454545454,39.71291866028708,,,34.74037546828023,7.888393162923957,3.5578245847649863,3.6155505729738286,49.802143788943,20.634920634920636,20.634920634920636,75.0,76.2053376906318,75.0
"Kay, Anthony",2020,46.411483253588514,40.19138755980861,78.94736842105263,66.98564593301435,,,33.03741588650178,5.301000205484899,5.149482951633533,6.098519038751037,49.586418082371246,19.67871485943775,19.67871485943775,75.0,56.55166666666666,75.0
"Javier, Cristian",2020,43.54066985645933,67.94258373205741,44.01913875598086,71.77033492822966,,,30.993864388367655,8.961214633081614,2.8712268578805156,6.534127541518967,49.36043342084875,33.99750933997509,33.99750933997509,75.0,90.1535541752933,75.0
"Weaver, Luke",2020,39.23444976076555,77.99043062200957,88.51674641148325,55.02392344497608,,,27.928537141166455,10.28646468445284,5.773662703346688,5.009497781831208,48.99816231079719,32.1277511423974,32.1277511423974,100.0,84.89641577060932,100.0
"Porcello, Rick",2020,52.15311004784689,33.97129186602871,68.42105263157895,31.100478468899524,,,37.12451888277004,4.480607316540807,4.462885224749062,2.831455267991553,48.899466692051455,28.13247080024213,28.13247080024213,100.0,80.19484046164291,100.0
"Holland, Derek",2020,51.674641148325364,65.55023923444976,30.62200956937799,15.789473684210526,,,36.78392696641436,8.645678906564656,1.9973752054820977,1.4375080591341727,48.86448913759529,24.52830188679245,24.52830188679245,75.0,85.70354406130268,75.0
"Cueto, Johnny",2020,52.63157894736842,74.64114832535886,12.918660287081341,3.827751196172249,,,37.46511079912573,9.844714667329098,0.8426426648127601,0.3484868022143449,48.500954933481935,26.258785574374933,26.258785574374933,100.0,82.28994429785988,100.0
"Sims, Lucas",2020,50.23923444976076,17.703349282296653,56.45933014354066,70.33492822966507,,,35.76215121734729,2.3349643762254915,3.682660535107617,6.4034449906885875,48.18322111936898,18.367346938775512,18.367346938775512,75.0,59.49439775910364,75.0
"Buttrey, Ty",2020,49.760765550239235,28.22966507177033,84.688995215311,37.79904306220095,,,35.4215593009916,3.723321572900107,5.523990802661426,3.4413071718666557,48.110178848419785,23.66412213740458,23.66412213740458,75.0,60.81152647975078,75.0
"Happ, J.A.",2020,56.9377990430622,47.84688995215311,3.827751196172249,5.741626794258373,,,40.53043804632693,6.310714530339165,0.2496719006852622,0.5227302033215174,47.61355468067287,21.957429739887168,21.957429739887168,100.0,74.78984651711924,100.0
"Kuhl, Chad",2020,54.066985645933016,9.090909090909092,70.33492822966507,33.97129186602871,,,38.4868865481928,1.1990357607644415,4.587721175091692,3.092820369652311,47.36646385370124,21.690142342888436,21.690142342888436,100.0,73.2689594356261,100.0
"Curtiss, John",2020,48.32535885167464,43.54066985645933,29.1866028708134,55.50239234449761,,,34.399783551924536,5.742750222608641,1.9037482427251244,5.0530586321080015,47.0993406493663,24.456083803384367,24.456083803384367,50.0,92.77697408077157,50.0
"Scherzer, Max",2020,35.406698564593306,74.16267942583733,96.17224880382776,62.67942583732058,,,25.20380181032095,9.781607522025707,6.273006504717213,5.706471386259898,46.96488722332377,29.47876586205288,29.47876586205288,100.0,78.4778785380599,100.0
"Darvish, Yu",2020,34.92822966507177,71.29186602870813,96.65071770334929,68.42105263157895,,,24.86320989396526,9.402964650205355,6.3042154923028715,6.2292015895814155,46.7995916260549,32.20338983050847,32.20338983050847,100.0,68.2451790633609,100.0
"Gomber, Austin",2020,44.01913875598086,15.789473684210526,69.377990430622,89.47368421052632,,,31.334456304723343,2.0825357950119243,4.525303199920377,8.145879001760314,46.08817430141596,21.568627450980397,21.568627450980397,75.0,72.94671864847304,75.0
"Cordero, Jimmy",2020,46.889952153110045,23.923444976076556,53.588516746411486,66.50717703349282,,,33.37800780285747,3.1553572651695827,3.495406609593671,6.054958188474243,46.08372986609497,22.779922779922774,22.779922779922774,50.0,72.56995884773663,50.0
"Valdez, Framber",2020,42.58373205741627,58.3732057416268,43.0622009569378,51.674641148325364,,,30.31268055565628,7.6990717270137825,2.8088088827092,4.704571829893657,45.52513299527292,41.526116701205964,41.526116701205964,75.0,92.17705242334323,75.0
"Cobb, Alex",2020,45.933014354066984,39.71291866028708,28.22966507177033,59.33014354066985,,,32.69682397014609,5.2378930601815075,1.8413302675538086,5.401545434322346,45.17759273220375,29.691241984269666,29.691241984269666,75.0,88.85328345802162,75.0
"Peterson, David",2020,55.980861244019145,7.655502392344498,23.923444976076556,13.875598086124402,,,39.84925421361556,1.0097143248542664,1.5604493792828888,1.2632646580270004,43.68268257577971,22.03800823323747,22.03800823323747,100.0,73.37867338371117,100.0
"Melancon, Mark",2020,44.49760765550239,42.10526315789473,24.880382775119617,49.282296650717704,,,31.67504822107903,5.553428786698465,1.6228673544542045,4.486767578509691,43.3381119407414,22.779922779922774,22.779922779922774,50.0,62.865209471766846,50.0
"Snell, Blake",2020,27.751196172248804,78.94736842105263,92.82296650717703,70.81339712918661,,,19.754331148629934,10.412678975059622,6.054543591617608,6.447005840965382,42.66855955627255,31.153775659824046,31.153775659824046,100.0,88.05572597137014,100.0
"Brasier, Ryan",2020,31.57894736842105,78.4688995215311,55.02392344497608,67.46411483253588,,,22.47906647947544,10.349571829756231,3.5890335723506444,6.142079889027829,42.55975177061014,20.634920634920636,20.634920634920636,50.0,69.4306632213609,50.0
"Hernández, Elieser",2020,33.014354066985646,86.1244019138756,27.27272727272727,61.24401913875598,,,23.500842228542506,11.359286154610498,1.7789122923824932,5.575788835429519,42.21482951096502,22.17898832684825,22.17898832684825,50.0,75.22169437846397,50.0
"Urías, Julio",2020,27.27272727272727,76.07655502392345,65.07177033492823,92.82296650717703,,,19.413739232274242,10.034036103239274,4.2444223116494575,8.450804953697864,42.14300260086083,35.71759528799876,35.71759528799876,75.0,93.23835287045387,75.0
"Yardley, Eric",2020,32.535885167464116,70.33492822966507,16.74641148325359,86.60287081339713,,,23.160250312186818,9.276750359598573,1.0923145654980222,7.884513900099554,41.41382913738297,23.07692307692308,23.07692307692308,50.0,74.43816543816544,50.0
"May, Dustin",2020,24.880382775119617,69.85645933014354,98.08612440191388,82.77511961722487,,,17.7107796504958,9.21364321429518,6.397842455059845,7.536027097885208,40.85829241773604,30.968915343915345,30.968915343915345,100.0,84.46778989098118,100.0
"Richards, Garrett",2020,40.66985645933015,1.4354066985645932,94.25837320574163,60.28708133971292,,,28.950312890233526,0.18932143591017495,6.148170554374582,5.488667134875933,40.77647201539421,28.230960892644347,28.230960892644347,100.0,86.9380032206119,100.0
"Allard, Kolby",2020,38.27751196172249,46.411483253588514,44.49760765550239,43.54066985645933,,,27.24735330845508,6.12139309442899,2.902435845466173,3.9640373751881737,40.23521962353842,19.67871485943775,19.67871485943775,100.0,72.85410334346504,100.0
"Baragar, Caleb",2020,41.14832535885167,55.50239234449761,20.574162679425836,24.16267942583732,,,29.290904806589207,7.320428855193431,1.3419864661832843,2.1998229389780524,40.153143066943976,24.81203007518797,24.81203007518797,25.0,86.66666666666667,25.0
"Canning, Griffin",2020,51.196172248803826,5.741626794258373,5.741626794258373,22.48803827751196,,,36.443335050058664,0.7572857436406998,0.3745078510278933,2.0473599630092765,39.622488607736535,24.584779389194964,24.584779389194964,100.0,78.79315164220824,100.0
"Dobnak, Randy",2020,36.36363636363637,92.82296650717703,9.090909090909092,9.090909090909092,,,25.884985643032326,12.24278618885798,0.5929707641274978,0.8276561552590693,39.54839875127688,25.708434729716146,25.708434729716146,75.0,85.42483660130719,75.0
"Heuer, Codi",2020,33.49282296650718,42.58373205741627,63.1578947368421,64.5933014354067,,,23.841434144898194,5.616535932001858,4.119586361306826,5.880714787367071,39.45827122557395,23.371647509578544,23.371647509578544,50.0,72.735918744229,50.0
"Sheffield, Justus",2020,47.84688995215311,12.440191387559809,19.617224880382775,20.095693779904305,,,34.05919163556885,1.640785777888183,1.279568491011969,1.8295557116253107,38.80910161609432,27.86256672430644,27.86256672430644,75.0,90.91016819571865,75.0
"Soto, Gregory",2020,41.62679425837321,0.4784688995215311,60.76555023923444,55.980861244019145,,,29.631496722944902,0.06310714530339165,3.9635414233785373,5.096619482384795,38.754764774011626,21.875,21.875,50.0,83.34751773049648,50.0
"James, Josh",2020,36.84210526315789,6.220095693779904,60.28708133971292,79.42583732057416,,,26.22557755938801,0.8203928889440915,3.9323324357928797,7.231101145947657,38.20940403007264,17.012448132780083,17.012448132780083,50.0,67.29090909090908,50.0
"Turnbull, Spencer",2020,30.14354066985646,81.3397129186603,48.803827751196174,28.22966507177033,,,21.457290730408374,10.728214701576583,3.1833167337370933,2.5700901663307936,37.938912332052844,27.79783393501805,27.79783393501805,100.0,78.91269841269842,100.0
"Duffy, Danny",2020,28.22966507177033,63.1578947368421,79.42583732057416,45.933014354066984,,,20.09492306498562,8.330143180047697,5.180691939219191,4.181841626572139,37.787599810824645,29.07801418439716,29.07801418439716,100.0,68.38105337575115,100.0
"Fedde, Erick",2020,33.97129186602871,59.33014354066985,74.64114832535886,6.698564593301436,,,24.182026061253882,7.825286017620565,4.868602063362613,0.6098519038751037,37.48576604611217,29.07801418439716,29.07801418439716,100.0,67.63882352941175,100.0
"Heaney, Andrew",2020,26.794258373205743,88.51674641148325,27.751196172248804,52.63157894736842,,,19.073147315918558,11.674821881127455,1.810121279968151,4.791693530447242,37.3497840074614,33.83943339412189,33.83943339412189,75.0,90.67098365710761,75.0
"Márquez, Germán",2020,35.88516746411483,41.62679425837321,80.86124401913875,0.9569377990430622,,,25.544393726676635,5.490321641395075,5.274318901976164,0.08712170055358623,36.39615597060146,30.07263059151031,30.07263059151031,100.0,84.61528004350191,100.0
"Givens, Mychal",2020,29.665071770334926,61.24401913875598,59.33014354066985,36.36363636363637,,,21.116698814052686,8.077714598834131,3.869914460621564,3.3106246210362773,36.37495249454466,22.17898832684825,22.17898832684825,75.0,67.01932367149757,75.0
"Glasnow, Tyler",2020,31.100478468899524,13.397129186602871,72.24880382775119,82.29665071770334,,,22.138474563119754,1.7670000684949663,4.712557125434324,7.492466247608416,36.11049800465746,40.41858227904739,40.41858227904739,50.0,100.0,50.0
"Erlin, Robbie",2020,26.31578947368421,68.89952153110048,13.397129186602871,74.64114832535886,,,18.732555399562866,9.087428923688398,0.8738516523984178,6.795492643179727,35.489328618829404,23.07692307692308,23.07692307692308,75.0,63.749817651349375,75.0
"Anderson, Tyler",2020,39.71291866028708,49.760765550239235,3.349282296650718,1.4354066985645932,,,28.269129057522143,6.563143111552732,0.21846291309960444,0.13068255083037936,35.18141763300486,29.777479592977755,29.777479592977755,100.0,86.11289173789174,100.0
"Patiño, Luis",2020,30.62200956937799,25.358851674641148,83.25358851674642,48.32535885167464,,,21.797882646764062,3.3446787010797574,5.430363839904453,4.399645877956105,34.97257106570438,19.35483870967742,19.35483870967742,75.0,60.524534686971236,75.0
"Montas, Frankie",2020,32.057416267942585,33.49282296650718,78.4688995215311,27.27272727272727,,,22.81965839583113,4.417500171237416,5.118273964047876,2.4829684657772075,34.838400996893625,25.50394390885188,25.50394390885188,100.0,84.3363453815261,100.0
"King, Michael",2020,38.75598086124402,22.00956937799043,39.71291866028708,17.703349282296653,,,27.587945224810767,2.902928683956016,2.5903459696095954,1.6117514602413454,34.692971338617724,20.634920634920636,20.634920634920636,75.0,70.59275362318841,75.0
"Graterol, Brusdar",2020,21.5311004784689,67.46411483253588,71.29186602870813,57.41626794258373,,,15.326636236005983,8.898107487778223,4.6501391502630085,5.227302033215174,34.10218490726239,27.00729927007299,27.00729927007299,50.0,70.5130278526505,50.0
"Plutko, Adam",2020,20.095693779904305,88.03827751196172,33.49282296650718,60.76555023923444,,,14.304860486938916,11.611714735824064,2.1846291309960444,5.532227985152725,33.633432338911746,22.48062015503876,22.48062015503876,75.0,57.63929146537843,75.0
"Wojciechowski, Asher",2020,34.44976076555024,32.057416267942585,24.401913875598087,31.57894736842105,,,24.52261797760957,4.228178735327241,1.5916583668685467,2.8750161182683454,33.2174711980737,25.0936329588015,25.0936329588015,100.0,69.16118935837245,100.0
"Plesac, Zach",2020,25.837320574162682,68.42105263157895,52.63157894736842,20.574162679425836,,,18.39196348320718,9.024321778385007,3.432988634422355,1.873116561902104,32.722390457916646,25.37313432835821,25.37313432835821,100.0,75.76030927835053,100.0
"Crichton, Stefan",2020,19.617224880382775,62.20095693779905,41.62679425837321,84.21052631578947,,,13.964268570583227,8.203928889440915,2.7151819199522267,7.666709648715588,32.55008902869196,22.48062015503876,22.48062015503876,50.0,69.32739609838845,50.0
"Walker, Taijuan",2020,15.789473684210526,63.63636363636363,93.77990430622009,74.16267942583733,,,11.23953323973772,8.39325032535109,6.116961566788924,6.751931792902933,32.50167692478067,22.48062015503876,22.48062015503876,100.0,68.98108210367008,100.0
"Brault, Steven",2020,37.79904306220095,21.5311004784689,12.440191387559809,18.660287081339714,,,26.906761392099387,2.8398215386526244,0.8114336772271022,1.6988731607949317,32.256889768774045,19.35483870967742,19.35483870967742,100.0,73.86565795506648,100.0
"Lindblom, Josh",2020,25.358851674641148,18.181818181818183,66.50717703349282,69.85645933014354,,,18.05137156685149,2.398071521528883,4.338049274406431,6.359884140411794,31.147376503198597,19.35483870967742,19.35483870967742,100.0,57.115174443043294,100.0
"Staumont, Josh",2020,16.267942583732058,51.674641148325364,73.20574162679426,85.16746411483254,,,11.580125156093409,6.815571692766299,4.77497510060564,7.753831349269175,30.92450329873452,21.25984251968504,21.25984251968504,50.0,83.4084084084084,50.0
"Hudson, Daniel",2020,13.875598086124402,83.73205741626795,56.9377990430622,62.20095693779905,,,9.877165574314967,11.04375042809354,3.713869522693275,5.662910535983106,30.29769606108489,20.634920634920636,20.634920634920636,50.0,82.22666666666667,50.0
"García, Deivi",2020,13.397129186602871,50.23923444976076,76.55502392344498,96.65071770334929,,,9.536573657959279,6.626250256856123,4.993438013705244,8.79929175591221,29.955553684432857,29.07801418439716,29.07801418439716,100.0,70.18008348240906,100.0
"Paredes, Enoli",2020,24.401913875598087,30.62200956937799,50.23923444976076,56.9377990430622,,,17.370187734140114,4.0388572994170655,3.276943696494066,5.18374118293838,29.869729912989623,24.24242424242424,24.24242424242424,50.0,83.8422619047619,50.0
"Cisnero, José",2020,22.00956937799043,36.36363636363637,52.15311004784689,65.55023923444976,,,15.667228152361671,4.796143043057766,3.4017796468366974,5.967836487920657,29.832987330176792,22.779922779922774,22.779922779922774,50.0,82.67267267267266,50.0
"Matz, Steven",2020,15.311004784688995,29.665071770334926,85.64593301435407,94.73684210526315,,,10.898941323382031,3.9126430088102824,5.586408777832743,8.625048354805037,29.023041464830094,20.948616600790515,20.948616600790515,75.0,76.97567716970701,75.0
"Webb, Logan",2020,28.708133971291865,21.052631578947366,40.66985645933015,30.14354066985646,,,20.43551498134131,2.7767143933492324,2.6527639447809115,2.7443335674379665,28.60932688690942,24.947742308254732,24.947742308254732,100.0,80.58416833667334,100.0
"Senzatela, Antonio",2020,20.574162679425836,52.63157894736842,89.95215311004785,4.784688995215311,,,14.645452403294604,6.941785983373081,5.8672896661036615,0.43560850276793117,27.89013655553928,37.31573149023997,37.31573149023997,100.0,86.31132629107981,100.0
"Urquidy, José",2020,0.9569377990430622,91.86602870813397,89.47368421052632,99.52153110047847,,,0.681183832711377,12.116571898251197,5.836080678518004,9.060656857572969,27.694493267053545,27.00729927007299,27.00729927007299,100.0,69.37806176783812,100.0
"Minor, Mike",2020,18.660287081339714,40.66985645933015,7.655502392344498,88.51674641148325,,,13.283084737871851,5.3641073507882915,0.4993438013705244,8.058757301206727,27.205293191237395,29.232760337160684,29.232760337160684,100.0,82.97827496757458,100.0
"Bassitt, Chris",2020,5.263157894736842,80.38277511961722,99.04306220095694,66.02870813397129,,,3.746511079912573,10.602000410969797,6.46026043023116,6.01139733819745,26.82016925931098,30.79584775086505,30.79584775086505,100.0,73.54706082229018,100.0
"Williams, Trevor",2020,14.832535885167463,98.56459330143541,35.88516746411483,5.263157894736842,,,10.558349407026343,13.000071932498681,2.340674068924333,0.47916935304472424,26.378264761494084,35.064935064935064,35.064935064935064,100.0,78.6873156342183,100.0
"Pagán, Emilio",2020,17.703349282296653,60.76555023923444,32.057416267942585,40.19138755980861,,,12.601900905160475,8.01460745353074,2.091002168239071,3.6591114232506214,26.366621950180907,22.17898832684825,22.17898832684825,50.0,71.77175697865353,50.0
"Estévez, Carlos",2020,18.181818181818183,31.100478468899524,77.03349282296651,32.535885167464116,,,12.942492821516163,4.1019644447204575,5.024647001290902,2.962137818821932,25.031242086349454,24.81203007518797,24.81203007518797,75.0,67.07645259938838,75.0
"Weber, Ryan",2020,12.440191387559809,87.5598086124402,2.3923444976076556,47.84688995215311,,,8.8553898252479,11.548607590520673,0.15604493792828888,4.3560850276793115,24.91612738137617,29.07801418439716,29.07801418439716,100.0,69.12171052631578,100.0
"Wright, Kyle",2020,16.74641148325359,38.27751196172249,82.29665071770334,25.358851674641148,,,11.920717072449097,5.048571624271332,5.367945864733137,2.308725064670035,24.645959626123602,24.81203007518797,24.81203007518797,100.0,56.83795684720387,100.0
"Lyles, Jordan",2020,9.090909090909092,56.45933014354066,36.36363636363637,90.9090909090909,,,6.471246410758082,7.446643145800214,2.3718830565099913,8.276561552590692,24.56633416565898,30.12837405413545,30.12837405413545,100.0,84.95732773697097,100.0
"Lester, Jon",2020,23.923444976076556,32.535885167464116,25.837320574162682,16.267942583732058,,,17.029595817784426,4.291285880630633,1.6852853296255201,1.481068909410966,24.487235937451544,27.01387693411051,27.01387693411051,100.0,77.3396164021164,100.0
"Kintzler, Brandon",2020,29.1866028708134,2.3923444976076556,17.22488038277512,24.16267942583732,,,20.776106897696998,0.31553572651695827,1.12352355308368,2.1998229389780524,24.414989116275688,23.66412213740458,23.66412213740458,25.0,95.33333333333334,25.0
"Clarke, Taylor",2020,11.961722488038278,16.267942583732058,88.03827751196172,86.1244019138756,,,8.514797908892213,2.1456429403153163,5.742453715761031,7.840953049822761,24.24384761479132,22.48062015503876,22.48062015503876,100.0,71.94736842105263,100.0
"Bumgarner, Madison",2020,23.444976076555022,26.31578947368421,6.220095693779904,38.27751196172249,,,16.689003901428734,3.4708929916865405,0.4057168386135511,3.4848680221434494,24.050481753872273,22.922059973572797,22.922059973572797,75.0,81.155906264945,75.0
"McFarland, T.J.",2020,22.966507177033492,44.97607655502392,4.784688995215311,13.397129186602871,,,16.348411985073046,5.932071658518815,0.31208987585657777,1.2197038077502074,23.812277327198647,21.875,21.875,75.0,53.389713155291794,75.0
"Fiers, Mike",2020,10.047846889952153,53.588516746411486,11.483253588516746,87.08133971291866,,,7.152430243469458,7.068000273979865,0.7490157020557866,7.928074750376347,22.897520969881455,28.825622775800717,28.825622775800717,100.0,73.93193717277487,100.0
"Scrubb, Andre",2020,17.22488038277512,3.349282296650718,46.411483253588514,75.11961722488039,,,12.261308988804785,0.44175001712374157,3.027271795808804,6.83905349345652,22.56938429519385,19.35483870967742,19.35483870967742,50.0,80.53250345781467,50.0
"Luzardo, Jesús",2020,19.138755980861244,20.574162679425836,82.77511961722487,6.220095693779904,,,13.62367665422754,2.713607248045841,5.399154852318795,0.5662910535983106,22.302729808190485,25.246286560155173,25.246286560155173,100.0,83.70837537840565,100.0
"Ray, Robbie",2020,22.48803827751196,12.918660287081341,37.32057416267943,22.00956937799043,,,16.007820068717358,1.7038929231915747,2.4343010316813065,2.0037991127324832,22.149813136322724,29.103858927030046,29.103858927030046,75.0,92.74405360134004,75.0
"Richards, Trevor",2020,9.569377990430622,77.51196172248804,6.698564593301436,50.23923444976076,,,6.81183832711377,10.223357539149449,0.4369258261992089,4.573889279063277,22.046010971525703,20.948616600790515,20.948616600790515,75.0,74.2822299651568,75.0
"Gonsolin, Tony",2020,14.354066985645932,37.32057416267943,47.368421052631575,41.62679425837321,,,10.217757490670655,4.922357333664549,3.0896897709801197,3.7897939740810016,22.019598569396322,33.5548172757475,33.5548172757475,75.0,87.66396604938271,75.0
"López, Jorge",2020,8.61244019138756,49.282296650717704,73.68421052631578,46.411483253588514,,,6.130654494402393,6.5000359662493405,4.806184088191297,4.225402476848932,21.66227702569196,24.81203007518797,24.81203007518797,100.0,62.84251968503937,100.0
"Boyd, Matthew",2020,2.8708133971291865,45.45454545454545,81.81818181818183,90.43062200956938,,,2.0435514981341307,5.995178803822207,5.33673687714748,8.233000702313898,21.608467881417717,36.102236421725244,36.102236421725244,100.0,83.5993710691824,100.0
"Dunning, Dane",2020,21.052631578947366,28.708133971291865,19.138755980861244,11.961722488038278,,,14.986044319650292,3.786428718203499,1.248359503426311,1.0890212569198279,21.10985379819993,19.02834008097166,19.02834008097166,100.0,53.81562881562883,100.0
"Jiménez, Joe",2020,11.483253588516746,25.837320574162682,37.79904306220095,73.68421052631578,,,8.174205992536523,3.4077858463831494,2.465510019266964,6.708370942626139,20.755872800812774,19.35483870967742,19.35483870967742,50.0,67.15143120960295,50.0
"Bielak, Brandon",2020,8.133971291866029,11.483253588516746,63.63636363636363,98.56459330143541,,,5.7900625780467045,1.5145714872813996,4.150795348892484,8.973535157019382,20.428964571239973,20.318725099601597,20.318725099601597,100.0,67.16165413533834,100.0
"Margevicius, Nick",2020,3.827751196172249,44.49760765550239,70.81339712918661,78.4688995215311,,,2.724735330845508,5.868964513215424,4.618930162677351,7.143979445394071,20.356609452132354,32.432432432432435,32.432432432432435,100.0,74.52409046214356,100.0
"Hoffman, Jeff",2020,6.698564593301436,10.526315789473683,85.16746411483254,83.25358851674642,,,4.768286828979639,1.3883571966746162,5.555199790247085,7.579587948162003,19.291431764063343,22.48062015503876,22.48062015503876,75.0,53.95906432748538,75.0
"Cease, Dylan",2020,11.004784688995215,6.698564593301436,100.0,42.58373205741627,,,7.833614076180836,0.8835000342474831,6.522678405402475,3.8769156746345876,19.11670819046538,32.435560893352026,32.435560893352026,100.0,86.95698924731184,100.0
"Gibson, Kyle",2020,7.177033492822966,57.41626794258373,47.84688995215311,29.665071770334926,,,5.1088787453353275,7.572857436406998,3.1208987585657777,2.700772717161173,18.503407657469275,32.432432432432435,32.432432432432435,100.0,80.48706643151087,100.0
"Stripling, Ross",2020,4.784688995215311,31.57894736842105,33.014354066985646,91.86602870813397,,,3.405919163556885,4.165071590023849,2.153420143410387,8.363683253144279,18.088094150135397,26.199261992619927,26.199261992619927,100.0,73.41491553358055,100.0
"Roark, Tanner",2020,7.655502392344498,26.794258373205743,62.67942583732058,53.110047846889955,,,5.449470661691016,3.5340001369899325,4.088377373721169,4.835254380724036,17.90710255312615,23.66412213740458,23.66412213740458,100.0,66.7558268590455,100.0
"Arrieta, Jake",2020,5.741626794258373,27.27272727272727,18.660287081339714,94.25837320574163,,,4.0871029962682615,3.5971072822933237,1.2171505158406533,8.581487504528244,17.482848298930485,27.00729927007299,27.00729927007299,100.0,73.80440771349862,100.0
"García, Rony",2020,10.526315789473683,47.368421052631575,16.267942583732058,16.74641148325359,,,7.493022159825146,6.247607385035773,1.0611055779123644,1.5246297596877592,16.326364882461043,21.875,21.875,75.0,61.791341991341994,75.0
"Gray, Jon",2020,2.3923444976076556,54.066985645933016,91.38755980861244,7.655502392344498,,,1.7029595817784424,7.131107419283257,5.960916628860635,0.6969736044286898,15.491957234351025,30.069930069930063,30.069930069930063,100.0,73.05939580133128,100.0
"Manaea, Sean",2020,12.918660287081341,17.22488038277512,21.5311004784689,19.617224880382775,,,9.19598174160359,2.2718572309220995,1.4044044413546,1.7859948613485177,14.65823827522881,32.56887886675223,32.56887886675223,75.0,86.75684380032206,75.0
"Voth, Austin",2020,0.4784688995215311,52.15311004784689,38.27751196172249,44.01913875598086,,,0.3405919163556885,6.87867883806969,2.496719006852622,4.0075982254649665,13.723587986742967,34.85342019543974,34.85342019543974,75.0,84.67631172839506,75.0
"Oviedo, Johan",2020,6.220095693779904,5.263157894736842,40.19138755980861,35.406698564593306,,,4.42769491262395,0.6941785983373081,2.621554957195253,3.223502920482691,10.966931388639201,22.17898832684825,22.17898832684825,50.0,69.48818897637794,50.0
"Anderson, Brett",2020,1.9138755980861244,46.889952153110045,13.875598086124402,21.052631578947366,,,1.362367665422754,6.184500239732381,0.9050606399840755,1.916677412178897,10.368605957318108,26.73992673992674,26.73992673992674,100.0,65.64809782608695,100.0
"Castellani, Ryan",2020,3.349282296650718,11.961722488038278,42.58373205741627,34.92822966507177,,,2.3841434144898197,1.5776786325847914,2.7775998951235423,3.179942070205897,9.919364012404051,27.27272727272727,27.27272727272727,100.0,70.48835125448028,100.0
"Sandoval, Patrick",2020,4.30622009569378,24.401913875598087,20.095693779904305,22.966507177033492,,,3.0653272472011963,3.2184644104729743,1.3107774785976265,2.0909208132860697,9.685489949557866,25.37313432835821,25.37313432835821,75.0,67.72442839951864,75.0
"Dunn, Justin",2020,1.4354066985645932,14.354066985645932,22.00956937799043,39.23444976076555,,,1.0217757490670654,1.8932143591017494,1.4356134289402578,3.5719897226970354,7.922593259806108,27.79783393501805,27.79783393501805,100.0,76.39680538041195,100.0
