player_name,total_pitches,release_x,release_z,extension,avg_velo,map_x,map_y
"Abbott, Andrew",2677.0,2.529857,6.022895,6.310508,87.88015,-1.4722406584023655,1.0151154266575286
"Abel, Mick",457.0,-1.6821275590551181,5.651508661417322,6.765143307086614,91.79803149606298,0.8744969609165573,-0.6186884839938669
"Abreu, Bryan",1170.0,-2.49399593495935,5.6419146341463415,6.5641544715447155,91.98380487804879,1.031008942549494,-0.5120574391120768
"Adam, Jason",992.0,-1.0583541666666665,6.394918859649123,6.390618421052631,88.14159539473683,-0.07967965074046512,0.8330210748782003
"Adams, Travis",562.0,-2.0929728773584904,5.846606132075471,6.229037735849057,90.2819221698113,0.37583969248982735,0.18012602234223257
"Agnos, Zach",439.0,-1.7885990396158464,5.892747899159664,6.079028811524609,92.32524129651861,0.7237202088534106,0.6159231607462917
"Akin, Keegan",1058.0,1.8727607607607608,5.864451451451452,5.722294294294295,89.95112312312312,-1.2175290968337213,1.5361400877202331
"Alcala, Jorge",1038.0,-2.0085637104994905,6.626546381243628,5.851268093781854,93.2714362895005,1.2658020628498894,1.9963303576752887
"Alcantara, Sandy",2891.0,-1.7137687687687686,5.954643643643644,6.040857857857858,92.3342072072072,0.711386775646808,0.7687453790890612
"Alexander, Jason",1237.0,-1.6003029381965552,5.489734549138805,6.528072948328267,85.48399898682877,-0.9692422703112968,-0.9238607639197525
"Alexander, Scott",204.0,1.442,5.593,6.2780000000000005,91.262,-0.5444390745995588,0.43796022913460086
"Alexander, Tyler",1585.0,1.869418,5.429882,6.2513510000000005,86.529281,-1.9613894037164086,0.022136514679559325
"Allard, Kolby",914.0,2.038468271334792,5.425077680525164,6.169168490153172,84.48721115973741,-2.5791936967382463,0.025429088317866475
"Allen, Logan",2705.0,2.3774899799599196,5.236327655310621,6.315049098196393,85.58215330661322,-2.4122369762224625,-0.30848578225989276
"Altavilla, Dan",456.0,-2.115475,5.17795,5.923605,93.827845,0.7229729158621798,-0.20068819410311123
"Alvarado, Elvis",734.0,-2.4325005213764337,5.674135557872783,5.921483837330552,95.35132846715328,1.4592825319122205,0.5640046393836466
"Alvarado, José",426.0,1.3158326180257511,6.500270386266094,6.899532188841202,97.14442918454935,1.8435947282821044,1.313398254864352
"Alvarez, Andrew",376.0,1.3646363636363634,6.340805986696229,6.44370509977827,85.7696796008869,-1.3974029723411565,0.9755514588958318
"Anderson, Grant",1141.0,-2.534221294363257,4.342312108559499,6.477412317327766,88.12606784968685,-0.6616751713967232,-2.545570517273717
"Anderson, Tyler",2167.0,1.3665777537796977,6.337367170626349,6.010806695464362,84.2990637149028,-2.0467810236139976,1.429646806407223
"Armstrong, Shawn",1117.0,-1.5797327327327326,5.7796086086086085,6.711946946946947,91.04425325325327,0.687919281093261,-0.3913105961312723
"Arrighetti, Spencer",335.0,-2.1079686346863467,5.028225092250922,7.157483394833949,86.66023062730628,-0.3591268394240699,-2.415416290598233
"Ashby, Aaron",1039.0,0.37815314285714285,6.468242285714285,5.325519999999999,92.38731542857143,-0.09562412961903001,2.802934684594456
"Ashcraft, Braxton",1066.0,-1.0144679752066117,6.2526766528925615,6.283950413223142,92.55644731404959,0.8695728255116396,1.0356104868261113
"Ashcraft, Graham",1039.0,-0.10406300000000002,6.491281000000001,5.429441000000001,93.74261000000001,0.46799233099096393,2.701189782111013
"Assad, Javier",354.0,-1.6399344,5.9754128,6.5250352000000005,91.0735824,0.6959398899099929,0.12290275009893623
"Bachar, Lake",1143.0,-1.5441808191808193,5.664557442557443,6.080562437562438,89.8854065934066,-0.07986435970944782,0.17562552482623048
"Bachman, Sam",299.0,-1.986286995515695,5.437757847533633,6.313690582959641,91.39248430493272,0.4616203453985791,-0.438964310331592
"Backhus, Kyle",389.0,3.014292817679558,4.286563535911602,7.135745856353592,87.21855248618785,-2.1647155148301294,-2.5244073346329157
"Baker, Bryan",1102.0,-0.7638631368631369,6.587827172827173,6.421204795204796,91.43436663336665,0.7774715789740265,1.3290507360474686
"Banda, Anthony",1090.0,2.4290539979231567,5.520586708203531,6.171435098650052,90.67808099688473,-1.0944402069752652,0.6077847689701447
"Banks, Tanner",1022.0,2.6783037433155084,6.406366844919786,5.690682352941177,87.79872085561497,-1.734823710111868,2.382584073948953
"Barlow, Scott",1271.0,-2.436819639278557,5.201280561122244,6.638906813627254,85.44898396793587,-0.8063993586773601,-1.6379048019010343
"Barnett, Mason",230.0,-2.206,6.004,6.236,94.333,1.5117390052122461,0.627296953638075
"Bassitt, Chris",2842.0,-1.9692736625514404,5.438094650205762,6.33947633744856,86.012920781893,-0.8742056127039309,-0.7945092202560842
"Bautista, Félix",566.0,-0.04188137472283815,6.988243902439025,6.665971175166297,94.59580709534369,1.7199029295235115,1.9260455514788068
"Baz, Shane",2636.0,-1.4680897832817337,5.792028895768834,6.374513931888545,91.70247058823529,0.6085270085701101,0.11391943799007201
"Bazardo, Eduard",1363.0,-2.0164805725971373,5.823438650306748,5.850125766871165,89.98322290388548,0.02194768152755698,0.6214349582033046
"Beck, Tristan",817.0,-2.440862,5.970541,6.78641,87.921136,0.31306940816862094,-0.5494850090850536
"Bednar, David",1097.0,-1.687961,5.878406,6.526243,89.01109,0.14360169593956815,-0.15433434967298637
"Beeks, Jalen",825.0,1.0450344062153163,5.941147613762485,6.533791342952275,92.055910099889,0.12142575934996495,0.6009394622055083
"Beeter, Clayton",465.0,-1.21062,6.096220000000001,5.9179,92.31414000000001,0.5501369556099713,1.2202755043811147
"Bello, Brayan",2725.0,-1.6560040040040038,5.3261471471471475,6.343232232232232,91.33883583583584,0.309149110564887,-0.5839622502912182
"Bellozo, Valente",1239.0,-1.2128995726495726,5.997954059829059,6.059930555555557,85.04986538461537,-1.2289426946816915,0.45544999549529375
"Bender, Anthony",745.0,-1.9480273396424816,5.54035436382755,5.720567823343848,88.29522502628812,-0.653558445053957,0.2809357256083181
"Bergert, Ryan",1117.0,-1.7380987074030554,5.941813160987074,6.415318448883666,89.42166274970621,0.22344744988813556,0.09484536074831575
"Bernardino, Brennan",797.0,3.0516718913270635,5.041536050156739,5.61667816091954,85.58544305120166,-3.1661637624107657,0.41115397061147985
"Berríos, José",2583.0,-1.987451,5.649803,6.386832,88.500079,-0.10405975669672331,-0.3969356244317633
"Bibee, Tanner",3056.0,-2.200596596596597,6.294694694694695,6.632466466466467,88.15153253253253,0.36965018354872475,0.17671867756965834
"Bido, Osvaldo",1284.0,-2.3197604726100964,5.915490870032223,6.281547798066595,90.92606874328678,0.6754333997091213,0.21304106034558246
"Bieber, Shane",942.0,-1.679137137137137,5.623555555555555,6.651122122122122,88.10804504504505,-0.13874542131362405,-0.7386324812773638
"Bigge, Hunter",203.0,-0.29069574944071586,5.739384787472035,6.792385906040268,93.36887248322148,0.9128214324339589,-0.1806687742475489
"Bird, Jake",933.0,-2.770882051282051,5.203044102564102,5.870620512820513,86.85342769230769,-0.8476216154027006,-0.6371842089872202
"Birdsong, Hayden",1174.0,-1.9147802644964391,6.475156663275686,6.516600203458799,90.7050915564598,0.9434548477265908,0.7935257047147355
"Bivens, Spencer",1144.0,-1.800700226244344,6.189690045248868,6.345018099547511,91.43965950226244,0.8327217277281022,0.6578928891394815
"Blackburn, Paul",519.0,-2.2000081190798375,5.852541271989173,6.247757780784844,89.36015832205683,0.19234064921966695,0.09005960186862527
"Blalock, Bradley",1033.0,-1.5907602397602396,6.312544455544455,6.540571428571428,89.72125174825175,0.529497573658856,0.5233724475300097
"Blanco, Ronel",694.0,-1.8630080000000002,5.967280000000001,6.829712000000001,87.417952,0.03924848975256798,-0.5363763359597813
"Blewett, Scott",705.0,-1.8930987903225809,6.160143145161291,7.094050403225807,87.60362298387096,0.3662588819303191,-0.5828523507474949
"Blubaugh, AJ",386.0,-2.389190538764783,5.933733245729304,6.6749264126149805,91.02610906701709,0.9841633482361559,-0.2645828888784387
"Booser, Cam",556.0,2.7401858316221763,5.759628336755647,6.4120564681724845,89.13925256673512,-1.2931034969715127,0.6152330015878839
"Borucki, Ryan",503.0,1.745102715466352,5.629866587957498,6.562442739079103,87.9442030696576,-1.2642797808641688,-0.015344743675663892
"Boushley, Caleb",491.0,-1.9023232628398792,5.831959214501511,5.9521646525679754,91.40146223564955,0.4129780091823645,0.6111845208507133
"Bowlan, Jonathan",596.0,-2.543395121951219,6.172648780487805,6.669692682926829,91.9666243902439,1.3882940167460909,0.12123269100249168
"Bowman, Matt",309.0,-4.282887120115774,5.546630969609262,6.713962373371924,90.14118523878436,1.1543124382717487,-1.2725487628712209
"Boyd, Matthew",2752.0,2.3463653250773993,5.461650154798761,6.289049535603714,85.67782868937049,-2.277276845350432,0.05444629665779244
"Boyle, Joe",933.0,-1.2525115115115115,5.8151431431431435,6.534528528528528,94.91566366366366,1.4636110521763426,0.1786717153991264
"Bradish, Kyle",431.0,-1.1346746849942728,6.418266895761741,6.384540664375715,91.82804810996564,0.8750325643872603,1.0849474660799965
"Bradley, Taj",2272.0,-1.3071111111111111,6.227913913913914,6.3761791791791795,91.84024324324324,0.8246195446498195,0.7868740685233516
"Brash, Matt",920.0,-2.619309148264984,5.227844374342798,6.379312302839116,88.83596424815984,-0.056222800440579965,-1.0974763979411641
"Brasier, Ryan",263.0,-1.6095320056899003,5.6995391180654345,6.9471963015647225,89.77626458036984,0.48863553262747944,-0.8885720310276983
"Brazobán, Huascar",884.0,-1.6472902857142857,5.860043428571429,5.788308571428572,93.97007314285715,0.8888882913341055,1.0611431865312293
"Brebbia, John",424.0,-1.8411818181818183,5.745030303030304,6.5439848484848495,88.52981818181819,0.010531175539407689,-0.4285739950747042
"Brieske, Beau",297.0,-1.442993178717599,6.076758526603002,5.882597544338337,93.72133697135061,0.939615164674556,1.2803593739783923
"Brogdon, Connor",840.0,-2.7688420000000002,5.704319,7.031899,89.264055,0.7663297253842366,-1.2269927916844912
"Brown, Ben",1656.0,-1.5607366211962226,6.458079748163693,6.68273557187828,92.31402623294858,1.3378504900559651,0.7190966719099094
"Brown, Hunter",2920.0,-2.0107129817444225,6.1541937119675465,6.681101419878296,92.54169574036513,1.369643955955912,0.2098377334614362
"Brown, McCade",286.0,-3.638,5.756,7.129,94.34,2.389027996995872,-1.121539756639587
"Brubaker, JT",345.0,-2.462434782608695,6.363584239130435,5.6341807065217395,91.06281385869566,0.5713482596236645,1.6711836868321086
"Brzykcy, Zach",459.0,-1.265078,5.888896,6.569648,90.448814,0.4098788131063445,-0.031140650628147
"Bubic, Kris",1795.0,2.125098,5.643485,6.7605640000000005,87.868525,-1.2629481404326657,-0.18292804718356848
"Buehler, Walker",2189.0,-1.2609740259740259,5.485548451548451,6.543550449550448,89.08739460539462,-0.16103920553201564,-0.6703049805625498
"Bummer, Aaron",931.0,2.2119479479479476,5.239530530530531,6.409803803803804,85.77821621621622,-2.2506276547100406,-0.44142745676709827
"Burke, Brock",933.0,1.9914347826086956,6.290330434782608,6.740778260869565,91.88946086956521,0.1115028982470676,1.008930473833917
"Burke, Sean",2376.0,-2.4140740000000003,6.246312,7.052333000000001,88.65091299999999,0.8038177166586993,-0.43344849565225807
"Burnes, Corbin",749.0,-0.7083180592991914,5.91211320754717,6.504956873315364,90.44916172506738,0.2129338494315502,0.1842183493996122
"Burns, Chase",713.0,-1.655301310043668,6.451368995633189,6.403865720524017,95.80231877729257,2.05705241876659,1.2570821644475054
"Burrows, Mike",1450.0,-1.381425238600212,6.133101802757157,6.441629904559914,89.59540721102861,0.2770220538545875,0.4157610981836387
"Buttó, José",1018.0,-2.036387755102041,5.519033297529537,6.331446831364124,91.19427389903329,0.4811752112803951,-0.3634687791378984
"Cabrera, Edward",2252.0,-1.2925874125874124,6.04339060939061,6.505690309690311,91.72749550449551,0.7784348044775585,0.3486140215999435
"Cabrera, Génesis",622.0,1.2616260069044878,5.9805523590333705,5.978192174913693,90.78842692750287,-0.5981518103838839,1.3237424029342666
"Cameron, Noah",2164.0,1.13531,6.416389,6.278382000000001,86.01664400000001,-1.3332168436295653,1.2694766212117674
"Canning, Griffin",1193.0,-1.1413862612612615,5.763445945945946,5.942826576576578,90.69457432432434,-0.03513413084030228,0.6157776288574855
"Cannon, Jonathan",1788.0,-2.237972918756269,5.842083249749248,6.21506519558676,88.97184252758277,0.07996732840703721,0.08579469167293778
"Cano, Yennier",872.0,-2.3307706214689263,5.5157118644067795,5.931606779661017,92.72306553672315,0.6936273999287461,0.17801663341374382
"Cantillo, Joey",1681.0,0.559106,5.85557,7.337084,84.33494499999999,-1.19418991657355,-1.0965421554327812
"Carrasco, Carlos",699.0,-1.2989721293199552,5.86746934225195,6.729992196209587,87.6583723522854,-0.18692422854643115,-0.44086470168164543
"Casparius, Ben",1234.0,-0.7792938196555219,6.190385005065856,5.784420466058764,89.42298277608917,-0.3403237560396791,1.4286860302376752
"Castillo, José",448.0,3.0733866666666665,5.995607272727273,6.279322424242425,88.32972242424245,-1.5576457132733517,1.1390373043879938
"Castillo, Luis",3136.0,-2.212062,5.051909,5.413516,91.92391,-0.1193694646655396,0.12779346985003467
"Cavalli, Cade",725.0,-2.3499434782608697,6.183128260869566,6.5313173913043485,92.35921521739132,1.3448419148643702,0.3701256740343579
"Cease, Dylan",3076.0,-1.415392315470172,6.139145601617796,6.369174924165825,92.05928210313448,0.8609408527785657,0.659770373961312
"Cecconi, Slade",2035.0,-1.6889026915113872,5.850537267080746,6.519121118012422,88.39092650103518,-0.030677102720685724,-0.22390615274064246
"Chafin, Andrew",610.0,1.9969063444108759,6.570547834843907,6.489789526686807,86.09721852970796,-1.355337656827686,1.3862814973462172
"Chandler, Bubba",353.0,-1.2062637075718017,5.846913838120105,6.5814412532637085,96.77406005221931,1.9620661799944386,0.286812186582671
"Chapman, Aroldis",933.0,0.310903,6.195255000000001,7.317055,96.129051,2.000263822565998,0.09729350053631744
"Chivilli, Angel",1022.0,-1.599179,5.788388,6.2920240000000005,92.78637599999999,0.8644784793234891,0.2553703585298313
"Civale, Aaron",1796.0,-0.7674984954864593,6.276377131394182,5.550782347041123,87.3396188565697,-0.9709224177488593,1.7259979919975288
"Clarke, Taylor",865.0,-0.8695225225225225,6.054236236236237,6.221177177177177,90.8333093093093,0.2496872480648645,0.7459807501624292
"Clase, Emmanuel",739.0,-0.9220090817356207,5.992629667003028,6.679295660948537,95.74732391523713,1.7588501525034361,0.364677857995438
"Cleavinger, Garrett",769.0,1.1668136363636363,5.240827272727271,5.984513636363637,92.37542727272728,-0.55660314916802,0.31246917381668027
"Corbin, Patrick",2504.0,2.6340465356773533,6.165836608066184,6.769047569803517,85.68148397104449,-1.6841110303569145,0.5290373438344113
"Cortes, Nestor",435.0,1.0053507565337003,5.77660522696011,5.881118294360385,88.47267262723521,-1.2706742018929302,0.9618382472664472
"Coulombe, Danny",698.0,-0.6095257731958763,6.085703092783507,5.913414432989691,86.39307422680413,-1.1223246119178651,0.9586527962857199
"Cox, Austin",291.0,1.4330293255131965,6.32358357771261,6.348143695014663,89.7899677419355,-0.4815373649068268,1.327490524374335
"Crismatt, Nabil",338.0,-2.6506951026856242,5.6219304897314375,6.79842496050553,84.50134755134282,-0.6557500926295622,-1.3199081478906143
"Crochet, Garrett",3149.0,2.443034034034034,6.120867867867867,6.730316316316315,92.24686686686687,-0.03066124401050099,0.8765203499359644
"Cruz, Fernando",789.0,-2.2351855010660984,6.027068230277185,6.970974413646056,85.46463539445628,-0.21566361789729663,-0.812717568689452
"Cruz, Steven",642.0,-3.230558,5.629269,6.759332,94.89485,2.100862765345186,-0.7325875190427605
"Curtiss, John",459.0,-2.4581781472684083,6.361057007125891,6.394128266033254,92.92617339667457,1.5245998784818426,0.8192744623540372
"Curvelo, Luis",232.0,-3.248662464985994,5.803859943977591,6.648859943977593,89.64854341736695,0.8128210738562545,-0.6587956753290565
"Dana, Caden",517.0,-1.8730434782608696,5.8583869565217395,6.5675739130434785,90.43590652173913,0.5722888310278156,-0.182561475381781
"Darvish, Yu",1154.0,-2.385090909090909,5.335136874361594,6.651359550561799,86.79376302349336,-0.40679992509595814,-1.366919267930828
"De Los Santos, Enyel",1105.0,-2.027737,5.423592,6.358812,92.057705,0.6623225848623318,-0.48385649131361463
"De los Santos, Yerry",469.0,-2.128335849056604,5.967162264150943,6.496233962264151,93.00260377358491,1.3032658795668668,0.17709018998614748
"DeSclafani, Anthony",632.0,-2.017558676028084,5.475935807422267,6.552931795386158,88.25644232698095,-0.1404480301439732,-0.8818341641269478
"Detmers, Reid",1059.0,1.3869170931422725,6.066917093142272,6.240661207778914,88.6363316274309,-0.960625086002901,1.0096678606724185
"Dobbins, Hunter",741.0,-1.8055062814070353,6.1173479899497485,6.436856783919598,90.31136934673368,0.5726624500588138,0.36643082622966866
"Dodd, Dylan",478.0,2.4047163677130046,5.902965246636771,6.436298206278027,89.62325224215246,-0.9799941683382088,0.7637655257259687
"Dollander, Chase",1778.0,-2.253709,5.389134,6.168781000000001,92.18523700000001,0.6218768994721129,-0.32635252810996396
"Domínguez, Seranthony",1218.0,-1.993015690376569,5.586666317991632,6.416891213389122,93.29168723849372,1.084003509932884,-0.23763008491244023
"Doval, Camilo",1146.0,-1.4340040080160321,5.366715430861723,6.398731462925852,93.60945290581162,0.8681021781211964,-0.41740449910423716
"Dreyer, Jack",1180.0,1.3247492507492509,5.937661338661338,6.552159840159839,89.36185514485516,-0.6275897053971675,0.4590777299922433
"Dunning, Dane",258.0,-2.2950187590187587,5.681031746031746,6.8621197691197695,89.34054256854257,0.5213549268737128,-0.9568579378988528
"Duran, Jhoan",1074.0,-2.2940212314225055,6.027467091295117,6.195855626326964,96.83367303609343,2.151094322215483,0.8484796092167296
"Díaz, Alexis",361.0,-2.3408160000000002,4.942004000000001,7.61774,91.09796,1.073472566118818,-2.8965729154977558
"Díaz, Edwin",1066.0,-1.9464364364364364,4.93420920920921,7.148456456456457,93.39049749749749,1.2228578454750407,-2.1043339420429867
"Eflin, Zach",1127.0,-2.417486,5.555555,6.506609,86.21697,-0.5189057329048644,-0.9018672430300814
"Eisert, Brandon",1175.0,4.022698035160289,5.077782833505688,7.082722854188211,86.1519576008273,-2.353922834930627,-1.1838589749212336
"Elder, Bryce",2514.0,-1.035046,6.464119,6.0918779999999995,88.593002,-0.12955455633047464,1.3440396220582012
"Englert, Mason",655.0,-1.3382011049723759,5.8901425414364645,6.280216574585636,89.97492707182322,0.1275583209564795,0.2952647352839865
"Enns, Dietrich",682.0,1.8241715526601519,6.296353963083605,6.277834961997828,89.39134093376764,-0.7586801582941839,1.422331921663505
"Enright, Nic",488.0,-1.4357015250544665,6.216773420479303,6.4779564270152505,90.91526579520698,0.6912922120129876,0.5626260442276152
"Eovaldi, Nathan",1799.0,-2.4203084311632868,5.403431163287086,6.845022411953042,87.31584204909285,-0.1049065993980022,-1.4867415758384555
"Erceg, Lucas",963.0,-1.8604280000000002,5.980646999999999,6.504745,92.59527099999998,1.1331549937357606,0.20919543092579543
"Estrada, Jeremiah",1266.0,-0.535142,5.8378820000000005,6.89588,92.585614,0.908562878109596,-0.2587265284076888
"Estévez, Carlos",1043.0,-1.900998,5.9686840000000005,6.278943,91.985915,0.8411181047670364,0.43331265760666066
"Evans, Logan",1338.0,-2.201427,5.9348,5.808298,87.685957,-0.46622691010052336,0.6649307973782815
"Fairbanks, Pete",898.0,0.03146923076923077,7.00916923076923,6.430407692307693,92.04144615384615,0.91738127968284,2.1129820580649024
"Falter, Bailey",1934.0,1.4372474747474746,5.821256565656564,7.192662626262626,88.50216666666668,-0.5256889110457817,-0.5541881531033815
"Farris, Mitch",310.0,0.9882506527415144,6.0503263707571815,6.511126631853786,85.88030026109661,-1.3655910421484911,0.40453816937329956
"Faucher, Calvin",1053.0,-1.3501591591591593,5.8115955955955965,5.912162162162163,91.49434234234235,0.23359163372164896,0.7363001212470444
"Fedde, Erick",2348.0,-1.4734526209677419,5.8227449596774195,6.686719758064517,88.94491431451613,0.13650570961079325,-0.40464422016656243
"Ferguson, Caleb",1111.0,2.284774,5.888163,6.35974,89.75654399999999,-0.9675537806498916,0.8256796843474103
"Ferguson, Tyler",950.0,-3.268267987486965,5.9253837330552654,6.159509906152241,90.44304275286756,0.7666052253004143,0.18325273429363734
"Fermin, José",621.0,-1.7361091476091477,6.26168607068607,6.132475051975051,93.14407276507275,1.141222306324851,1.1472916212163764
"Fernandez, Ryan",445.0,-1.7708975265017668,5.945766784452296,6.340229681978798,90.48170671378094,0.45258855852465535,0.2541533582029575
"Ferrer, José A.",1118.0,2.98555027027027,5.816366486486486,6.055673513513512,95.3867427027027,-0.0016579173942146686,1.5723627209609645
"Festa, David",882.0,-2.268347,6.004528,6.941058,90.492024,1.0224880761812403,-0.508694553436539
"Festa, Matt",766.0,-2.0730803474484256,5.100737242128122,6.3630846905537455,88.08743756786102,-0.4853484391644422,-1.2108010020337234
"Finnegan, Kyle",928.0,-2.0640677083333334,5.675453125,6.638880208333333,92.62678125,1.1283624002462127,-0.4417477552499531
"Fisher, Braydon",929.0,0.2945638629283489,6.49580062305296,5.632032191069574,87.74243509865003,-1.0221604475926265,2.1584586510984027
"Fitts, Richard",491.0,-2.0246946107784427,6.018491017964071,6.638365269461078,92.49232934131737,1.262697236563286,0.05983621449313331
"Flaherty, Jack",2894.0,-2.5841307531380755,5.323857740585774,6.521328451882845,87.01880230125523,-0.3801353713411905,-1.240719156186737
"Flexen, Chris",582.0,-0.6973826589595375,6.820046242774566,6.187913294797687,87.45797572254335,-0.2667199123851795,1.734835568018546
"Fluharty, Mason",996.0,3.3580630630630632,5.676516516516516,6.748791791791792,86.63272172172172,-1.93385494374269,0.025595195811343622
"Francis, Bowden",1055.0,-2.1383636363636365,5.949424242424242,6.833666666666667,87.13845454545455,0.04529057840350691,-0.6336672273053486
"Freeland, Kyle",2482.0,2.578852,5.734802,6.565921,87.21130299999999,-1.6414642982512848,0.23830575053425768
"Fried, Max",3108.0,1.5667507629704984,6.016510681586979,6.481122075279758,88.4212472024415,-0.9403420805015527,0.6505637876234877
"Fulmer, Carson",350.0,-2.4731831357048755,5.5336179183135705,6.323924901185771,90.45650988142292,0.43067943830224015,-0.4554012316718101
"Funderburk, Kody",560.0,2.4332690815006464,5.730939197930142,7.090531694695989,90.01688874514876,-0.5592708609106747,-0.28723191274275783
"Gaddis, Hunter",1079.0,-2.262004,6.225121,6.904358,89.35814300000001,0.8288181024560095,-0.2070549033328419
"Gage, Matt",416.0,2.0452899106002556,6.392111111111111,6.2909272030651335,87.89513154533844,-1.1412839629066216,1.4946160266006596
"Gallen, Zac",3053.0,-2.8367025641025645,5.964317948717949,6.536482051282051,88.69745641025641,0.4625453659768967,-0.2658099411067238
"Garcia, Rico",586.0,-1.5271420000000002,5.954976,5.97923,89.894638,0.0046535853251870605,0.7325545989462849
"Garcia, Robert",972.0,3.7106143856143867,5.651492507492508,6.481349650349651,90.85014585414588,-1.1688708788002753,0.6464315459069259
"García, Luis",855.0,-2.1144826883910386,6.210562118126274,6.552912423625255,90.28401629327904,0.7824778880161788,0.2990794529252453
"Garrett, Reed",940.0,-2.310776041666667,5.629202083333333,6.150296875,91.47613125,0.5756465519214696,-0.004822418166292081
"Gausman, Kevin",3464.0,-2.487716716716717,5.723213213213214,6.69627927927928,89.80768468468467,0.6117871990774216,-0.6912589410731125
"Gibson, Cade",735.0,1.3683040791100125,5.841645241038319,5.933213844252163,83.79607787391842,-2.4836296537757145,0.7721417646366479
"Gil, Luis",1018.0,-2.98244,5.592840000000001,6.841728,92.09155200000001,1.3579003563558918,-1.0159908711251942
"Gilbert, Logan",2387.0,-0.9038738647830474,5.762076690211908,7.504974772956609,88.76951261352168,0.41590561936095244,-1.4381791810376097
"Gilbert, Tyler",773.0,3.274330802603037,4.8705661605206085,5.922729934924079,86.63282212581345,-2.863663589239759,-0.1231781174250649
"Gillispie, Connor",393.0,-1.8314736211031177,5.580621103117506,5.780736211031176,86.33194604316547,-1.1205283654026568,0.16538896245023188
"Ginkel, Kevin",457.0,-2.1196970998925884,6.526590762620837,6.777073039742212,90.32368743286787,1.1042685042604168,0.4793106565448186
"Ginn, J.T.",1575.0,-1.131637,5.631342,6.675949000000001,90.845214,0.4021291929553623,-0.4947635927217431
"Giolito, Lucas",2285.0,-1.4093312629399586,6.293111801242236,6.629658385093167,88.61605590062112,0.24518608429653307,0.347501764000301
"Glasnow, Tyler",1784.0,-1.6327662337662339,5.957164835164835,7.518905094905096,91.33154145854147,1.3884941117015426,-1.145040278485984
"Gomber, Austin",905.0,2.0728298342541436,6.612785635359117,6.673384530386741,83.0461502762431,-2.002071563348104,1.044104041865998
"Gonsolin, Tony",511.0,-0.8599237187127532,6.1045029797377826,5.8765947556615,88.1468474374255,-0.6214880852432705,1.0944655089985007
"González, Wikelman",206.0,-1.9129999999999998,5.164,6.836,95.108,1.5625963284718822,-1.2622810409393526
"Gordon, Colton",1410.0,2.6483189300411523,5.499704732510288,6.837317901234568,85.9835987654321,-1.9187072711578663,-0.5114303970082749
"Gordon, Tanner",1239.0,-2.7660793969849244,6.160427135678392,6.199658291457287,88.26502613065327,0.21919680663722368,0.4339796336014571
"Gore, MacKenzie",2818.0,1.9064775224775228,5.688901098901098,6.868412587412588,89.79031668331669,-0.6224975135026368,-0.17542838649309395
"Graceffo, Gordon",725.0,-1.5356392075078205,6.126714285714286,6.340037539103231,90.60370594369135,0.5072586294126666,0.5686554930089217
"Granillo, Andre",337.0,-0.9558329764453963,6.328869379014989,6.081237687366167,86.85382226980728,-0.6669241066851913,1.0681804832767199
"Gray, Sonny",2671.0,-0.8114949083503056,5.56062932790224,6.48923116089613,87.43873116089614,-0.7048180676209579,-0.5113985218945313
"Green, Chad",693.0,-1.8571813524590162,6.139152663934427,6.381692622950819,91.71866905737706,0.9166675645554689,0.5443412039873575
"Greene, Hunter",1746.0,-1.921704,5.97024,6.5986080000000005,94.857778,1.7732608559460246,0.20148329295559148
"Guerrero, Luis",231.0,-1.5923967459324155,5.9227571964956205,5.6437647058823535,90.11452440550688,-0.15346624407521037,1.1117612033643174
"Gusto, Ryan",1760.0,-2.1621321321321325,5.789553553553553,6.459479479479481,89.59286086086088,0.342410320098877,-0.24926465434156836
"Gómez, Yoendrys",925.0,-2.000850356294537,5.540091448931117,6.881986935866983,89.11484085510689,0.31502508781784494,-1.1494263478813638
"Hader, Josh",810.0,3.1281380753138075,5.577491631799163,6.610066945606695,90.23439748953975,-1.1037983715342528,0.2337579775482831
"Hall, DL",494.0,2.7204940476190473,5.455049999999999,6.891069047619046,89.97144642857144,-0.9304139720686727,-0.3899522642207867
"Halvorsen, Seth",636.0,-2.38044,5.810866,6.93886,95.549296,2.2198354283815935,-0.502495777303033
"Hamilton, Ian",558.0,-2.733811710677382,5.868308840413318,5.656947187141217,91.75624799081515,0.5812158436354254,0.9110944093292616
"Hancock, Emerson",1441.0,-2.479546777546778,5.373075883575883,6.104869022869023,91.62367879417877,0.4996260687973227,-0.343367382498865
"Hanifee, Brenan",915.0,-2.7027290794979075,5.508628661087865,6.144035564853557,93.66886087866109,1.1754992606069337,-0.11032813285236254
"Harris, Hogan",1043.0,2.2178491379310343,6.083681034482757,6.573051724137931,86.92853017241382,-1.4157742045854569,0.6582334413329965
"Harrison, Kyle",506.0,2.1711486643437867,4.8249918699186995,6.667267131242741,90.6902531939605,-1.0600186116374295,-1.0832846358280668
"Hart, Kyle",490.0,2.781735211267606,5.534112676056338,6.365688732394366,86.70788732394367,-2.0629265505383505,0.20376181625423304
"Hatch, Thomas",473.0,-1.4080396530359356,5.723457249070632,6.420638166047088,89.42061214374226,0.012555857912440134,-0.1725657560560247
"Headrick, Brent",234.0,1.35,6.470000000000001,6.9239999999999995,94.035,1.0543045735146397,1.0555435584277308
"Heaney, Andrew",2082.0,2.997451,4.805508,6.302586000000001,85.345551,-2.892444837690586,-0.8268418667964299
"Helsley, Ryan",909.0,-0.23039074273412266,6.1296727664155,6.577143164693218,93.97652529601721,1.1133537257087034,0.7106695915386173
"Henderson, Logan",364.0,-1.3960450450450452,5.214972972972973,6.061927927927927,87.9434054054054,-0.8590467295835599,-0.5501560970312424
"Hendricks, Kyle",2571.0,-2.642544,6.084238,5.517002,82.51069,-1.738739392097152,0.8595608828891
"Henriquez, Ronny",1133.0,-2.3689867075664623,5.238951942740286,6.505606339468303,90.4069100204499,0.3490406485305604,-1.1010540900671437
"Henry, Cole",807.0,-2.091804790419162,5.318658682634731,6.643337724550897,89.0749508982036,0.062492869725751556,-1.1900627750986046
"Herget, Jimmy",1113.0,-2.5387580645161285,5.065062211981567,5.034207373271888,84.82042626728109,-2.0375424725275604,0.13781626749756534
"Hernández, Carlos",692.0,-1.7609682017543862,5.994682017543861,6.932983552631581,93.39925877192982,1.5875994432641858,-0.24582892128795594
"Hernández, Daysbel",717.0,-1.428201,5.939048,6.034338,92.420699,0.6347036419168677,0.8104381670531801
"Herrin, Tim",775.0,1.978126,5.788899000000001,6.375904,87.878404,-1.3874267936715752,0.49119009793020874
"Hicks, Jordan",1035.0,-1.7599131944444444,5.656956018518519,6.522040509259259,93.5581539351852,1.1851818305504729,-0.21005602893850464
"Hill, Jaden",488.0,-1.3169709127382145,5.695421263791374,6.1262778335005015,91.81126880641925,0.37977109229297906,0.3203767160396736
"Hill, Tim",896.0,3.960033402922756,3.018617954070981,6.5977286012526095,88.55633194154488,-3.1266328896139552,-3.4488994991546287
"Hiraldo, Yaramil",230.0,-0.4875457025920873,6.371403819918146,6.011334242837654,91.02521009549794,0.21432064567041115,1.5557049906884324
"Hodge, Porter",606.0,-2.7807608040201006,5.641650251256282,7.232930653266332,90.48421608040202,1.172014846286523,-1.5012936572872368
"Hoffman, Jeff",1312.0,-2.5575695695695693,5.755365365365366,6.58816016016016,91.90354454454454,1.1050873301282615,-0.3926324137857629
"Hoffmann, Andrew",219.0,-0.8806957494407159,5.853523489932887,6.660653243847874,91.13765100671142,0.5067087734132937,-0.08764894161456083
"Hoglund, Gunnar",322.0,-2.290687074829932,6.214081632653062,6.833295918367348,90.62439455782314,1.1030873682123599,-0.06153952651412713
"Holderman, Colin",433.0,-1.6265454545454547,5.667888636363636,6.535629545454546,91.05271136363636,0.5319602025588762,-0.3394638086901857
"Holman, Grant",325.0,-1.9662916666666665,6.013699074074074,7.164740740740741,91.21383796296296,1.2611530037489829,-0.6806774470162891
"Holmes, Clay",2764.0,-0.81273,6.466552999999999,5.844986,89.35256299999999,-0.16384686598786086,1.7459565575196152
"Holmes, Grant",1939.0,-2.4286247464503044,5.8751805273833675,5.986921906693712,89.12093610547667,0.04524683077108703,0.3980356156636489
"Holton, Tyler",1182.0,1.572235233160622,5.819135751295337,6.4864279792746125,87.6979823834197,-1.2234217896692972,0.31206844428277014
"Horton, Cade",1688.0,-2.3942351694915254,6.016721398305085,6.179353813559322,90.63679131355933,0.6127933435903195,0.4597103276809646
"Houck, Tanner",705.0,-2.5317048832271762,5.503545647558386,6.05412526539278,89.3281932059448,-0.02377438418521042,-0.23678789047120963
"Houser, Adrian",1892.0,-1.3371279999999999,5.724531000000001,6.78192,90.74637700000001,0.556385059667875,-0.5352355817022029
"Hudson, Bryan",211.0,2.951,5.093,7.418,90.509,-0.7161863152455705,-1.5130938505116789
"Hurter, Brant",1031.0,3.4028206751054855,5.851222573839663,6.0767383966244735,88.12689135021098,-1.9138476198393304,1.2307233387402197
"Iglesias, Raisel",869.0,-1.9262907880133189,5.455588235294118,6.188835738068812,92.93710210876804,0.7594641286407535,-0.15036472126135472
"Imanaga, Shota",2145.0,2.5344364012409515,5.410256463288521,6.210919338159255,86.57585625646328,-2.1862331546060405,0.16622696346176777
"Irvin, Jake",2944.0,-2.2542702702702706,5.672977977977978,7.05582882882883,86.84423123123122,0.004256972832898128,-1.3580648728109028
"Jackson, Luke",804.0,-2.2644757085020246,6.323787449392713,6.752528340080971,89.05703238866397,0.708246512547161,0.11084206515703358
"Jacob, Alek",436.0,-2.8646416107382553,3.8950644295302017,7.346594630872484,80.45023758389263,-2.160369562399012,-4.825270030914439
"Jansen, Kenley",707.0,-2.219,6.321000000000001,6.894,92.799,1.7214404566326391,0.16285759789033186
"Javier, Cristian",484.0,-1.7154859693877549,5.7119974489795915,6.007030612244898,87.22339285714285,-0.7174906396014895,0.14600763162898908
"Jax, Griffin",1047.0,-0.6502079414838035,5.493330198537095,6.385002089864158,91.60337931034482,0.18736111357877316,-0.19642202691884583
"Jobe, Jackson",804.0,-1.8927382769901855,5.811876772082878,5.991082878953107,91.6952933478735,0.49819164237148367,0.5520670305325511
"Johnson, Pierce",921.0,-1.8794647739221872,6.213736067297582,5.709975814931651,88.11047528916929,-0.3735669827910655,1.2809173201701944
"Junis, Jakob",961.0,-2.0979396929824565,5.5827390350877195,5.991109649122807,86.0692807017544,-0.9695968188021553,-0.16137144886371396
"Junk, Janson",1622.0,-0.593534,5.7736730000000005,6.531301,88.209728,-0.4383187951480649,-0.16713107712347047
"Kahnle, Tommy",1082.0,-2.198643931795386,5.533588766298897,6.68954262788365,87.66849949849549,-0.11499641668992547,-1.0384223245495878
"Keller, Brad",1191.0,-1.520534,6.351029,5.908881999999999,93.218924,0.9981009131551299,1.6041574948678738
"Keller, Mitch",2867.0,-1.822486,5.825494,6.591459,89.073089,0.21380533631362122,-0.33460356792114043
"Kelly, Kevin",463.0,-1.7103189326556545,3.7842439644218557,7.155199491740788,87.91308640406609,-0.819932662459398,-4.086104089666217
"Kelly, Merrill",2833.0,-1.875010989010989,5.478446553446553,6.021716283716284,89.30259040959041,-0.2619031886610232,-0.11673142325295174
"Kelly, Michael",524.0,-1.5589535759096613,6.14160225846926,5.6733186951066505,87.65139146800503,-0.6465211255928761,1.251151514292755
"Kelly, Zack",422.0,-3.0963760445682453,5.53700557103064,6.9824930362117,90.10745682451254,0.9564893265393434,-1.4166567574708409
"Kerkering, Orion",1117.0,-1.6925499999999998,5.71899,6.30062,92.18746999999999,0.7116479351122702,0.08989787873770302
"Kershaw, Clayton",1715.0,1.6428382978723401,6.058121276595744,6.550835106382979,84.4383755319149,-1.8941515884305444,0.3951220457117805
"Kikuchi, Yusei",3054.0,2.3991063829787236,5.3849929078014185,6.760189463019249,88.48539412360688,-1.3269390220353559,-0.4743900378656971
"King, Bryan",973.0,2.7107129032258066,5.493487096774194,6.537583870967742,88.11059032258065,-1.600901330261673,-0.0008747043221022765
"King, John",727.0,1.9827427341227126,5.569828848223898,5.972342303552207,90.1419354144241,-1.1966652355009215,0.8196253044044285
"King, Michael",1168.0,-3.100234358430541,5.500679745493108,6.031149522799577,89.52585153764582,0.1805755417669583,-0.3014689048558512
"Kinley, Tyler",1214.0,-0.8926912209889001,6.516547931382442,5.583162462159435,88.70263874873865,-0.4448265427227451,2.0968548889049137
"Kirby, George",2280.0,-1.8064445606694561,5.647557531380754,6.522321129707113,92.18644979079498,0.8508461821115155,-0.3157148432439176
"Kittredge, Andrew",738.0,-1.718714932126697,5.858391402714933,6.591294117647059,91.70486199095022,0.8589527666196488,-0.10801193114775873
"Klein, Will",221.0,-1.16,5.828,6.666,97.934,2.2831723046932724,0.23073573651449064
"Knack, Landon",555.0,-0.9855301204819277,5.770204819277108,5.970265060240965,90.07377108433735,-0.2163373101774426,0.5811071220035123
"Kochanowicz, Jack",1858.0,-1.8927687687687689,5.9241031031031035,6.4216606606606605,92.7863003003003,1.1075614631436617,0.2374331061913201
"Koenig, Jared",1120.0,2.4789591836734695,5.923887755102041,6.193835714285715,91.76517653061225,-0.6108963162760508,1.2445636013144905
"Kolek, Stephen",1688.0,-2.5877637637637636,5.261014014014013,6.308827827827828,90.39318318318315,0.2963933011745925,-0.8595739825870199
"Kowar, Jackson",262.0,-0.6727888531618436,5.97530332261522,6.141212218649518,93.09547266881029,0.6641663377656395,0.9041026773030206
"Kranick, Max",425.0,-2.3460522388059704,5.871589552238806,6.722246268656716,92.77955597014925,1.4081960310030206,-0.301331115367345
"Kremer, Dean",2689.0,-2.1909300000000003,6.212259,6.076543,87.588854,-0.17531131205287995,0.7274125282894869
"Kriske, Brooks",337.0,-1.121980769230769,6.095156108597285,6.1599151583710405,86.65855656108597,-0.7379511378103776,0.5849960807167918
"Latz, Jacob",1299.0,1.8951036324786323,5.8964711538461545,6.639172008547009,89.67328205128206,-0.6868994720351908,0.40943188528672964
"Lauer, Eric",1817.0,1.8214404404404407,6.0746806806806815,6.06352952952953,86.78308508508509,-1.6655532451951818,1.210437259668178
"Lawrence, Justin",245.0,-2.7559724366041896,4.358641675854465,6.3500022050716645,88.36615766262402,-0.6082147771307732,-2.385425419033256
"Lazar, Max",526.0,-0.5245705521472392,5.8902834355828215,6.95257055214724,90.18852024539878,0.3689682883190285,-0.39736824903703594
"Leahy, Kyle",1350.0,-2.188919080919081,5.766189810189811,7.0920999000999005,90.68674625374626,1.0193710420541802,-1.0227200214463603
"Leasure, Jordan",1085.0,-0.9364166666666667,5.860161458333335,6.918843750000001,92.27841666666666,0.9788872532809737,-0.34551719912778833
"Lee, Chase",564.0,-2.694963829787234,3.7451042553191494,5.87194255319149,85.68344468085107,-1.928527968159066,-2.8300738482234635
"Lee, Dylan",1102.0,1.7626846846846846,6.517768768768768,6.243549549549549,88.59327627627628,-0.8458312189745648,1.7303774940651035
"Legumina, Casey",769.0,-2.1689238521836502,4.665421052631579,6.73024300111982,91.63640537513997,0.4400952480553079,-2.114478657589362
"Leiter Jr., Mark",787.0,-1.0320930232558139,5.797758985200846,6.6694101479915435,85.87813002114164,-0.7887853125133276,-0.5265460612851909
"Leiter, Jack",2583.0,-1.683862862862863,5.608644644644644,6.818611611611612,92.35292692692693,1.0259075987132613,-0.71574841433688
"Liberatore, Matthew",2386.0,0.5836106106106106,6.52424124124124,6.392698698698698,88.67558758758759,-0.37090294795787815,1.3453942383603719
"Littell, Zack",2840.0,-0.707963,6.121307,6.189450000000001,87.654427,-0.5803820567317652,0.7202734774390209
"Little, Brendon",1336.0,1.9019490509490506,6.04497002997003,5.658591408591408,90.54305694305694,-1.0242227140570224,1.9221165975771513
"Lively, Ben",413.0,-1.3190365853658534,5.144365853658536,6.900386759581881,90.09708710801392,0.1597961734741906,-1.5704803486619832
"Lodolo, Nick",2492.0,3.694894,5.407271,6.251149,89.10692,-1.8772355898600643,0.4718283187860407
"Long, Sam",620.0,1.6715799492385788,5.938261421319798,6.023715736040609,86.73148984771575,-1.7306527184146387,1.031277863096906
"Lopez, Jacob",1666.0,3.761792,5.203812,7.018648,85.330996,-2.456060624091526,-1.0147198299611953
"Lord, Brad",2124.0,-2.456187374749499,5.3612505010020035,5.612794589178356,91.6493617234469,0.17610247209699156,0.26798876076292694
"Lorenzen, Michael",2318.0,-1.996947947947948,5.76137037037037,5.910348348348348,88.21074674674676,-0.4217464173719318,0.35029151266399566
"Loáisiga, Jonathan",270.0,-2.223,5.364,6.487,96.826,1.9666681377096173,-0.47889101642403065
"Lucas, Easton",218.0,2.213,6.257,6.297,93.813,0.22348235426705781,1.6782447775888982
"Lucchesi, Joey",631.0,2.452197394789579,6.056666332665332,6.05840380761523,88.61622645290582,-1.409012883600988,1.4144798319621685
"Lugo, Seth",2319.0,-1.4224897330595483,5.574979466119097,5.8277731006160165,85.61894353182753,-1.3949197249215606,0.12738524804291926
"Luzardo, Jesús",3125.0,2.373225,5.8073999999999995,5.797869,90.974951,-1.0930516084819337,1.5085024582326445
"Lynch IV, Daniel",1088.0,1.2754464464464463,5.788626626626627,6.620410410410409,89.20431631631631,-0.6865684343200852,0.13618859538314418
"López, Pablo",1176.0,-1.975192926045016,5.520147909967846,7.0092047159699895,89.43107609860665,0.45791767907068337,-1.3158908025085714
"Mahle, Tyler",1381.0,-1.829415,5.618780000000001,6.560090000000001,88.08142499999998,-0.16127745412752095,-0.6588435606937092
"Manaea, Sean",1034.0,3.6311218220338985,5.122507415254237,6.85706779661017,86.68024788135594,-2.2254721039486296,-0.8706354927786923
"Martin, Chris",534.0,-2.8487765830346476,6.1797526881720435,6.547442054958185,91.93423178016725,1.397151009489232,0.22986924524345476
"Martin, Corbin",255.0,-2.3837786458333334,5.889191406250001,6.414876302083334,94.16551822916666,1.578123098559333,0.19090018831543384
"Martin, Davis",2168.0,-2.134593184238552,5.9361746538871145,6.457389776357829,90.73690734824281,0.6963567831129878,0.0423106515282584
"Martinez, Nick",2594.0,-1.5460500500500503,6.1792592592592595,5.923294294294293,86.8893083083083,-0.6606199701202128,0.9458748656555408
"Maton, Phil",1008.0,-1.4188930000000002,5.164637,7.040223,83.898633,-1.262089598875033,-2.1117991677924857
"Matsui, Yuki",1045.0,2.024645981688708,6.061405900305188,5.827098677517802,87.37203763987792,-1.7383458857344947,1.5623537328597632
"Matthews, Zebby",1217.0,-2.1512588888888886,5.871361111111111,6.4763022222222215,92.31985999999999,1.0759992712285364,0.016587238795283555
"Mattson, Isaac",610.0,-1.33,6.034,6.746,93.879,1.4783447686494462,0.15452563595020644
"Matz, Steven",1178.0,1.8573343495934957,5.707578252032519,6.5486300813008125,89.23664837398374,-0.9423985924169239,0.2143528820659026
"May, Dustin",2151.0,-2.2809071644803227,5.020054490413723,6.574824419778001,90.66844399596367,0.31760234565562245,-1.477443879765703
"Mayza, Tim",200.0,1.7299999999999998,6.23,6.8870000000000005,93.594,0.6795735665863325,0.7922542956418909
"Mazur, Adam",257.0,-1.9790152380952384,6.079268571428572,6.112230476190477,90.56602095238097,0.4597340834613518,0.706108909935944
"McCullers Jr., Lance",1033.0,-1.8552697003329635,5.104324084350721,5.981705882352941,85.83295893451721,-1.3591981257484556,-0.8206440467023619
"McFarland, T.J.",240.0,2.0493253968253966,5.371166666666666,5.514960317460318,83.76116666666665,-3.213708681042052,0.7325916622841747
"McGreevy, Michael",1462.0,-2.3315931863727455,5.778161322645291,6.719334669338678,88.28148196392787,0.22621063173273045,-0.7047451522399077
"McLean, Nolan",513.0,-3.732057636887608,5.123799711815561,6.415282420749279,87.89694236311239,0.012016967223699928,-1.5510575263628472
"Mears, Nick",847.0,-1.689546875,6.23646875,6.713666666666666,91.51419791666667,1.079779328125593,0.28405337533784475
"Megill, Trevor",820.0,-0.101525,6.520160000000001,6.609735000000001,94.52901,1.4390481529357977,1.2974589323130574
"Megill, Tylor",1046.0,-2.7312432113341205,5.888683589138134,7.120728453364817,92.01887721369539,1.5990613241929224,-0.8957351407341126
"Mejia, Juan",1073.0,-1.3025175175175174,5.966791791791791,6.119137137137137,92.20473073073072,0.6119284407191943,0.7530410926428167
"Melton, Troy",513.0,-1.6470547112462006,5.4457325227963524,6.878115501519757,93.4474255319149,1.2417007145249255,-0.9565176257733722
"Merryweather, Julian",329.0,-1.6372951991828395,6.248814096016344,6.46258835546476,90.1762808988764,0.5738119009733419,0.5481183247750864
"Messick, Parker",371.0,1.0154545454545456,5.599484848484849,6.388424242424242,89.57654545454545,-0.7637397690443635,0.12918652138229036
"Mey, Luis",406.0,-1.9960979591836734,5.848195918367346,6.534478571428571,95.74358265306122,1.912146879656848,0.14450846221849573
"Meyer, Max",1039.0,-1.399931,5.62838,6.342493000000001,91.12610000000001,0.3370672858734276,-0.10785244125582785
"Mikolas, Miles",2403.0,-2.2977038183694534,6.502985552115584,6.221736842105263,87.76763983488132,0.1477790277878919,0.960877211551978
"Miller, Bryce",1641.0,-0.9872573839662447,5.651860759493671,6.327970464135021,90.75774789029538,0.12357000606919546,-0.0037311417022328863
"Miller, Erik",398.0,1.7900618181818184,6.217894545454547,6.684109090909091,91.10768242424243,-0.09822628775895338,0.891241950217282
"Miller, Mason",977.0,-1.8122791411042947,6.16178527607362,6.721592024539878,94.9472055214724,1.9424962952718772,0.3511072396316402
"Miller, Shelby",638.0,-1.422066225165563,5.374397350993378,7.111364238410597,92.53621854304637,1.0583905082971854,-1.3712963935604507
"Milner, Hoby",1157.0,4.331349650349651,4.170429570429571,6.680852147852149,83.18845854145856,-3.924413017209025,-2.127772068780727
"Misiorowski, Jacob",1277.0,-1.6539936642027455,5.225491024287223,7.541491024287222,96.02806019007392,2.2014655691231924,-1.963286965258101
"Mize, Casey",2469.0,-2.099785785785786,5.7871141141141145,6.8978028028028024,90.69263263263264,0.879951503037053,-0.7298489045986348
"Mlodzinski, Carmen",1646.0,-2.452797,5.2524,6.330493,91.432437,0.5254995567041045,-0.8124338786444036
"Molina, Anthony",380.0,-1.4787488,6.134288000000001,6.2984976,93.1347024,1.1013424828537242,0.7960720283069607
"Montas, Frankie",448.0,-0.7172800632911394,6.080245253164557,5.9196265822784815,92.42348892405063,0.4217459156259169,1.2894789580380286
"Montero, Keider",1547.0,-2.3437830000000006,5.7797040000000015,6.329704000000001,88.745536,0.0961492952605579,-0.18326089227428868
"Montero, Rafael",962.0,-1.7932922374429223,5.016940639269407,6.262657534246576,91.22636529680366,0.10801819090235663,-0.9658537716935253
"Montgomery, Mason",859.0,1.4519260000000003,5.8230580000000005,6.776622000000001,95.678844,1.0006840060913667,0.41323284459743403
"Morales, Luis",750.0,-2.015145673603505,5.677419496166485,6.001997809419497,91.7882278203724,0.4947115286958052,0.3252346527952603
"Morejon, Adrian",901.0,2.446857967667437,5.940098152424942,6.3109549653579675,94.84754387990762,0.2547373623608356,1.3013283382917005
"Moreta, Dauri",283.0,-0.9440332326283989,5.973651560926485,6.474627391742196,88.24336354481369,-0.25581894761668994,0.1367197841318207
"Morgan, David",776.0,-2.1827657657657658,5.344780780780782,6.034121121121121,92.4007927927928,0.5445453410062512,-0.19504234665983858
"Morillo, Juan",535.0,-1.5861983852364476,5.776460207612457,6.381260668973471,96.61439561707037,1.8705868618676806,0.3595507954084207
"Morton, Charlie",2548.0,-2.508667,5.356050000000001,6.1554139999999995,88.06569099999999,-0.3592279318768185,-0.6533747037200828
"Murdock, Noah",223.0,-2.011,5.092,6.66,94.564,1.3047338906297592,-1.1953713392045284
"Murphy, Chris",470.0,2.136508474576271,5.445177966101695,6.2272336561743336,86.09153389830507,-2.158921609992614,0.0962062700433474
"Muñoz, Andrés",1119.0,-2.4841590214067275,5.333926605504587,6.6547247706422015,91.55111620795105,0.8161771757570346,-1.1019706826620295
"Myers, Tobias",829.0,-0.8578713991769545,5.883890946502057,6.7709958847736615,89.08630452674896,0.07298676750869905,-0.3032894709985821
"Márquez, Germán",2036.0,-2.219527663934427,6.157500000000001,5.5513678278688525,90.99605020491805,0.3199520104787575,1.5137456449218532
"Nance, Tommy",494.0,-1.131904,6.139865,6.090375999999999,89.21034300000001,-0.11706239493266488,0.8915327216675056
"Nelson, Ryne",2396.0,-1.2443960905349793,6.194005144032921,6.843671810699589,92.1006975308642,1.1540602942929798,0.17244195104949905
"Neris, Héctor",457.0,-1.5130935251798558,6.047827338129497,6.093852517985612,87.5500995203837,-0.4642887527016536,0.5835861960281866
"Newcomb, Sean",1463.0,2.5130126849894294,5.994046511627908,5.5783245243128965,89.28285517970401,-1.602227973105928,1.9818944740872013
"Nicolas, Kyle",649.0,-1.2883286432160803,6.045892462311559,6.975547738693468,92.59278190954774,1.2976187656537244,-0.18926418055261357
"Nola, Aaron",1599.0,-1.9481828171828173,5.052443556443556,6.8471728271728285,86.21339160839162,-0.7061518925367065,-1.985708734855513
"O'Brien, Riley",757.0,-1.742255511022044,5.492557114228457,6.954251503006012,92.49702404809618,1.1058997466566716,-1.0590479818811385
"Ober, Bailey",2198.0,-1.4003648068669532,5.928459227467811,7.26348712446352,85.48625751072962,-0.3250668128376678,-1.176887916341053
"Ogasawara, Shinnosuke",665.0,1.5640588235294117,5.696538539553753,6.188133874239351,83.31996044624746,-2.5739619840329757,0.24313843800511706
"Ohl, Pierson",443.0,-1.0470134969325153,5.950163190184049,6.270931288343558,86.88578404907976,-0.7083115974235271,0.25943245839989215
"Ohtani, Shohei",851.0,-2.271372716199757,5.753583434835567,6.634813641900122,91.01288915956151,0.8249382561848478,-0.4572174746679824
"Okert, Steven",1043.0,3.155747729566095,5.911337033299697,6.244004036326943,85.49976892028253,-2.358285282242694,0.9034040609429841
"Olson, Reese",1090.0,-2.7881636556854414,5.974190223166843,5.886786397449521,90.2338235919235,0.4197881099545577,0.6730066972381611
"Ort, Kaleb",723.0,-2.5698691384950925,5.875945474372955,6.2375627044711015,92.34133805888767,1.0561337960517676,0.25204393716117246
"Ortiz, Luis",1501.0,-1.9370920000000003,5.055817,6.742622000000001,91.849368,0.6366944191407139,-1.504442613524511
"Orze, Eric",681.0,-1.5449870129870131,5.863872127872129,6.942524475524476,87.8701008991009,0.07506527831980829,-0.746282539930968
"Oviedo, Johan",565.0,-2.932616470588235,5.441056470588235,7.312482352941175,88.86728235294116,0.7585451214812237,-2.0208265743048686
"Paddack, Chris",2507.0,-2.0199498464687817,6.100029682702149,6.959,88.65572773797338,0.5494750274741588,-0.4586871291706096
"Pagán, Emilio",1068.0,-1.596174174174174,5.600747747747747,6.857318318318318,91.73560060060059,0.8656484404384274,-0.7981002642790513
"Palencia, Daniel",875.0,-1.2299947257383965,5.52456223628692,6.638018987341772,96.77729957805906,1.8371067327167767,-0.26063532015895646
"Pallante, Andre",2717.0,-1.6076156156156158,6.1043053053053065,6.546570570570571,90.23647947947948,0.5581004655947125,0.23926038381018247
"Palmquist, Carson",592.0,2.12275,4.977874999999999,7.3485,84.172375,-2.1592844881253215,-2.126077971153632
"Parker, Mitchell",2705.0,1.4673926073926076,6.243117882117883,6.858185814185816,88.60226073926076,-0.503369206319956,0.49811482416619657
"Patrick, Chad",2083.0,-1.300277207392197,5.516365503080082,6.168368583162217,90.71551950718685,0.033315760093730495,-0.0584744689925613
"Payamps, Joel",373.0,-2.4601744885679904,5.618064981949458,6.129046931407942,88.41423465703971,-0.16585696173730838,-0.20670815989063027
"Pearson, Nate",244.0,-1.1312090517241378,5.579947198275862,6.787615301724138,93.94194181034483,1.2225459985711307,-0.5233574724946759
"Peguero, Joel",315.0,-0.953117,6.056160000000001,5.360361000000001,97.13322500000001,1.2998230804243374,2.2058769863191596
"Pepiot, Ryan",2539.0,-0.945808306709265,5.91454419595314,6.687437699680511,91.54462619808305,0.6775409415100482,-0.01918542742368093
"Peralta, Freddy",3249.0,-3.479824016563147,5.320739130434783,6.760648033126294,90.29751759834369,0.8631286486662815,-1.509304579472367
"Peralta, Luis",426.0,2.414424769703173,5.152306038894575,6.040290685772774,90.97995394063459,-1.2922871063934445,0.25050758669623674
"Peralta, Wandy",1116.0,0.5731809720785935,6.0749214064115815,5.720309203722854,91.79121509824199,-0.256152544560755,1.7261797775076877
"Perkins, Jack",476.0,-2.182223560910308,5.322941097724231,6.267680053547524,91.71978179384205,0.5126549427834849,-0.5639024790189779
"Petersen, Michael",318.0,-1.197935251798561,6.396021582733812,6.475956834532374,93.98707194244604,1.4820217994378893,1.0563728115812676
"Peterson, David",2699.0,2.25642,6.113857,7.16128,87.46293399999999,-0.8990743742730597,-0.00293955220847672
"Pfaadt, Brandon",2918.0,-2.2159210789210793,5.522849150849152,6.61473126873127,89.3812107892108,0.26541350858048973,-0.8585929095440211
"Phillips, Connor",358.0,-1.608946315789474,5.81089052631579,5.929850526315789,92.32432315789472,0.5303981483329644,0.717007946563889
"Phillips, Tyler",1010.0,-1.2017726269315672,5.8993962472406185,6.485528697571745,88.52172737306844,-0.14050119138061415,-0.014910881158628169
"Pilkington, Konnor",403.0,2.7649181141439203,5.691285359801489,6.5482531017369725,92.09515632754344,-0.5083906348898667,0.5265773952804111
"Pivetta, Nick",2767.0,-1.071514403292181,6.788586419753086,6.799160493827161,87.79435596707819,0.30704553337616836,0.86857013697513
"Pomeranz, Drew",875.0,2.330395,6.207307,5.780909,90.73493900000001,-0.9411250714126134,2.093045320610484
"Poulin, PJ",287.0,2.4679591240875913,4.378503649635036,6.537627737226277,86.55408905109489,-2.5033692289072578,-1.770592735097189
"Povich, Cade",1904.0,1.7812463768115943,5.97066873706004,6.185758799171844,86.81823084886129,-1.6206175460933516,0.8984278670122995
"Pressly, Ryan",532.0,-0.588501210653753,5.921366828087167,6.314175544794188,88.61062227602906,-0.4015829793146479,0.3491189634405484
"Priester, Quinn",2528.0,-1.7275817258883248,6.064150253807107,6.395382741116752,90.23975736040609,0.4766305327475457,0.3506515069669431
"Pérez, Cionel",286.0,1.2622290076335878,5.571974045801527,5.974447328244276,93.02352366412214,-0.25551808293405953,0.8662383069235745
"Pérez, Eury",1640.0,-1.8150969387755103,5.895947959183673,6.480616326530612,91.70521734693878,0.8365465825976233,0.06986787719569802
"Pérez, Martín",795.0,1.1304074914869466,5.6650136208853565,6.049483541430193,86.03137911464245,-1.8700687307739985,0.4595808360198512
"Quantrill, Cal",1995.0,-1.2669789156626508,6.3270622489959845,6.332395582329319,88.77532429718876,0.06873712412178173,0.808599532984875
"Quintana, Jose",2272.0,2.2240040000000003,5.730732,6.525807,86.73780000000001,-1.6812111391073001,0.1910055586819248
"Ragans, Cole",1028.0,1.2635771248688354,6.171664218258131,6.162092339979013,89.508314795383,-0.7006294529736267,1.2933122897341773
"Ramírez, Yohan",533.0,-2.0620034013605446,5.30511224489796,7.130656462585034,90.04510544217686,0.6030642354886325,-1.76260685447847
"Rasmussen, Drew",2184.0,-1.8308736730360937,5.923528662420382,6.601095541401276,93.3103906581741,1.3353927793347222,0.052299813109994264
"Ray, Robbie",3055.0,2.6582961847389566,6.176277108433735,6.108611445783133,89.64977008032129,-1.117022002746107,1.6255129917983528
"Rea, Colin",2654.0,-1.6519960000000002,5.565244000000001,6.6264020000000015,89.45142800000002,0.14303534610436044,-0.7063152852741615
"Reynolds, Sean",414.0,-1.3785393794749403,6.575427207637231,6.679594272076372,92.5872720763723,1.4110700550995108,0.9439481994299321
"Ribalta, Orlando",406.0,-1.7899321824907526,6.394991368680642,6.431927250308262,90.96644512946979,0.8747299979897266,0.8215517779123737
"Richardson, Lyon",607.0,-1.365591564927858,5.490834628190899,5.756846836847946,91.37833407325193,-0.059280084980305243,0.4536688910623613
"Robertson, David",270.0,-2.7271995277449825,5.930811097992916,6.539185360094452,88.86109208972846,0.45471036711140694,-0.28877954357255015
"Rocker, Kumar",987.0,-2.1976575342465754,5.6686940639269405,6.8302648401826485,91.95434018264841,1.1197709585931113,-0.7585890716932971
"Rodriguez, Eduardo",2489.0,1.2014209979209978,5.907561330561331,6.355138253638253,89.60835135135136,-0.6713441322272712,0.6573653024229116
"Rodríguez, Manuel",361.0,-0.7825405727923628,5.5381909307875885,6.5870346062052505,92.59527565632457,0.6292448871540143,-0.3499767989016658
"Rodríguez, Randy",808.0,-2.6480740000000003,5.521188,6.582306000000001,92.42684600000001,1.1366273942046747,-0.7123684699875186
"Rodríguez, Yariel",1144.0,-1.7099925531914895,5.735974468085107,6.369686170212767,90.43969680851065,0.33248929131428623,-0.08184896123449925
"Rodón, Carlos",3365.0,2.322189378757515,6.348341683366733,6.058954909819639,89.60669539078157,-0.968215532903797,1.8775432747053034
"Rogers, Taylor",907.0,1.9145120000000002,5.634513999999999,5.732532,85.319176,-2.5045065630820473,0.9130426095771665
"Rogers, Trevor",1627.0,2.127774,5.789053999999999,6.6885200000000005,88.826119,-0.9937977394341906,0.17990896789912877
"Rogers, Tyler",978.0,-3.8147450000000003,1.331455,6.0731150000000005,81.08234999999999,-3.882342407244752,-7.096508729092413
"Rolison, Ryan",653.0,2.001289855072464,5.944134575569358,6.4744741200828155,86.96969358178052,-1.4770271394307009,0.5426011408465965
"Romano, Jordan",701.0,-2.122352,6.113368,7.397496,89.3802,1.051001028116079,-0.9686034870623956
"Romero, JoJo",917.0,1.9711619870410368,5.3803131749460045,5.356838012958963,87.7472980561555,-2.2886982138295817,1.1740664069744673
"Ross, Joe",743.0,-2.161861788617886,5.827089430894308,6.734970963995353,92.57297909407664,1.285823476123106,-0.36219836406771494
"Roupp, Landen",1838.0,-2.3708700906344404,5.400720040281973,6.283033232628398,85.7772860020141,-0.8683037994110852,-0.8637987628351996
"Roycroft, Chris",302.0,-1.8389112271540466,4.935151436031331,6.942002610966057,95.46637336814621,1.578074162434651,-1.6964246829698266
"Rutledge, Jackson",1339.0,-2.2355039999999997,6.059001,6.350231,90.935005,0.7719011192404787,0.35172318029729427
"Ryan, Joe",2794.0,-2.489293293293293,4.797873873873874,6.7283383383383395,90.12788488488488,0.2270250468532081,-2.066985563345716
"Saalfrank, Andrew",386.0,0.9088296460176991,6.275505530973451,6.112686946902655,84.53284623893806,-1.8173582086208155,1.1425458301858111
"Sabrowski, Erik",363.0,1.287,5.993,6.767,93.94,0.6978577080508345,0.5391566605645184
"Salazar, Eduardo",537.0,-1.8667299492385783,5.543261928934009,6.697125888324872,92.35199898477158,0.9681832763026694,-0.690372598078979
"Sale, Chris",1960.0,3.104206004140787,4.871624223602486,6.5473933747412,86.4883364389234,-2.446037689271443,-0.9515695286638834
"Sands, Cole",1139.0,-2.5818353413654624,5.614839357429719,5.785767068273093,89.63473493975904,-0.04616298049204923,0.27546530830195354
"Santana, Dennis",856.0,-2.098434426229508,5.769816159250586,6.121642857142858,89.99043793911007,0.19501267166048938,0.18503054384378476
"Santillan, Tony",1257.0,-2.3633863863863867,5.380332332332332,5.887686686686687,92.71637437437438,0.6023868273640378,0.029247483494315486
"Sasaki, Roki",628.0,-2.2571955762514553,6.132435389988359,7.1079837019790455,91.72572060535506,1.502776055713449,-0.45595714160443557
"Sauer, Matt",275.0,-2.4389664804469273,5.958324022346369,6.510653631284916,91.66344134078213,1.0659726687138158,0.009146302966017686
"Scherzer, Max",1524.0,-3.003399387129724,5.624044943820223,6.27735342185904,88.64543105209397,0.15416556978880808,-0.4687183244656216
"Schlittler, Cam",1404.0,-1.8354489164086691,6.404203302373582,6.340858617131064,94.6448782249742,1.756032965321207,1.1653979999677326
"Schmidt, Clarke",1133.0,-1.5380313513513515,5.580934054054055,6.108332972972972,88.6529481081081,-0.4164756918652113,-0.05560547098923189
"Schreiber, John",1026.0,-2.6569499999999997,4.5338173469387755,6.503084693877551,89.56094387755103,-0.14820340888729172,-2.2326466467038637
"Schultz, Paxton",295.0,-2.400546282245827,5.819675265553869,6.057814871016691,91.63432928679818,0.6828242144264581,0.3845847068079696
"Schwellenbach, Spencer",1573.0,-2.1230290000000003,5.394778,6.958067,91.211529,0.8496177259536701,-1.3530123729517063
"Scott, Tanner",899.0,2.486695390781563,5.23784368737475,6.21366132264529,92.90178156312626,-0.6761413763324173,0.28575034388007936
"Scott, Tayler",411.0,-3.6945932203389833,4.743512385919166,5.750478487614082,88.92619556714472,-0.36910163625053805,-1.1968874679457462
"Sears, JP",2264.0,1.258649947753396,4.836616509926855,6.3854346917450355,86.2173646812957,-2.0810090897633673,-1.1439234259329185
"Senga, Kodai",1790.0,-2.0493630573248405,5.9328598726114645,6.33706475583864,88.29167940552014,-0.020967339478715086,0.056630947143598065
"Senzatela, Antonio",2230.0,-2.107594262295082,6.107045081967213,6.030128073770491,90.67989139344263,0.4887074753509442,0.8346368206919074
"Severino, Luis",2731.0,-2.007136,5.9359280000000005,6.30997,91.73675,0.8134190788792772,0.31201354265577397
"Sewald, Paul",317.0,-3.763849,4.4353169999999995,6.505528,87.070874,-0.4888988037296574,-2.728744012726282
"Seymour, Carson",530.0,-1.9028454332552693,5.9547271662763475,6.625996487119438,94.00452224824356,1.5633391513642243,0.09570051233490892
"Seymour, Ian",845.0,1.5008952941176468,5.885016470588235,6.220634117647059,87.7624294117647,-1.3222708868584718,0.7361312738668532
"Sheehan, Emmet",1204.0,-1.1447787234042555,5.471321276595745,6.663367021276596,91.53313191489363,0.48623931925391856,-0.6736403123733435
"Shugart, Chase",643.0,-2.1692809472551127,5.396585575888052,6.159653390742734,89.15325296017221,-0.16495161621846083,-0.4727910530786529
"Simpson, Josh",439.0,1.4298284518828452,5.120799163179917,5.955564853556485,85.35961506276152,-2.4747830244083646,-0.20528778776415138
"Sims, Lucas",248.0,-1.3093622047244096,5.7167559055118105,5.917,89.84403937007875,-0.2387630560596948,0.4985192697018345
"Singer, Brady",2850.0,-1.4788091908091907,5.233838161838161,6.929905094905094,87.76464635364634,-0.3103443876241235,-1.6469768084948018
"Skenes, Paul",2997.0,-2.45322022022022,5.579157157157157,6.6617297297297275,92.90102102102101,1.2783163450502097,-0.6644887116921483
"Skubal, Tarik",2962.0,1.7407687564234324,6.116984583761563,6.474453237410072,93.53272353545735,0.3360900621987575,1.1473101975103583
"Slaten, Justin",369.0,-0.9094097421203439,5.965041547277937,6.835485673352436,94.7889154727794,1.6010311426208512,0.07066954893051237
"Smith, Cade",1221.0,-2.5354280000000005,5.836519000000001,7.3665210000000005,93.55141200000001,2.0547870832655795,-1.1552605877488265
"Smith, Shane",2416.0,-2.1457687687687685,5.792574574574574,6.754965965965965,92.03961461461462,1.142120593791508,-0.46751503998853494
"Smith-Shawver, AJ",681.0,-2.130986430062631,5.690113778705638,6.890877870563674,88.30380271398748,0.23557611571245715,-1.0135774652628626
"Snell, Blake",1446.0,2.000753753753754,6.502679679679679,6.770137137137137,88.85424324324325,-0.521124440289778,1.100036688456144
"Snider, Collin",372.0,-3.2094441591784344,5.169332477535302,6.131387676508345,86.82396148908857,-0.5728615127911117,-1.0967721500053524
"Soriano, George",692.0,-2.354934,5.492028,6.4591899999999995,90.36680399999999,0.43782918224090644,-0.6718252442561861
"Soriano, José",2774.0,-1.187859437751004,5.874863453815261,6.647724899598394,93.11096787148594,1.0963353544719177,0.024817531073836586
"Soroka, Michael",1571.0,-2.6634,5.774187,6.142352,88.153192,-0.0794966349160718,-0.04720326277972685
"Soto, Gregory",877.0,1.9757696827262043,5.656969447708578,6.5988742655699175,92.78169095182139,-0.0843291777726833,0.31295109463741955
"Sousa, Bennett",713.0,1.1261930541368745,6.35217568947906,6.482282941777323,89.56076608784474,-0.34523175950835217,1.1308023926602766
"Speier, Gabe",1020.0,1.8789360000000002,5.340333,5.961858,91.804641,-0.876242936003743,0.5793654904112614
"Spence, Mitch",1336.0,-2.3580557244174267,6.105795339412361,6.242757852077002,87.8043789260385,-0.019963723399194902,0.34440171818773696
"Springs, Jeffrey",2847.0,2.384447,6.0759,6.307329,85.21531,-2.0701652016146364,0.9090350913112678
"Stanek, Ryne",965.0,-0.48959647188533634,6.5196030871003305,5.96122822491731,95.00003528114664,1.256154354948995,2.0768620969901077
"Sterner, Justin",1092.0,-2.9502492492492496,5.449009009009009,6.4645795795795795,89.67432432432432,0.42444389536607485,-0.8899804249492039
"Stewart, Brock",332.0,-1.998,5.34,6.495,96.186,1.7311748628297408,-0.5227837469442476
"Strahm, Matt",1018.0,2.344556338028169,5.371191146881287,6.204989939637827,88.49984205231388,-1.6714925045456566,0.19938543839426223
"Strickland, Hunter",222.0,-2.818255988023952,5.943934131736526,5.984405688622755,89.37462125748502,0.26056970692917425,0.4476331969154328
"Strider, Spencer",2013.0,-1.68808071278826,5.778927672955975,6.929926624737945,89.69956079664571,0.5236537541454048,-0.7692067922844895
"Stroman, Marcus",523.0,-1.0451332436069987,5.254446837146702,5.897756393001345,87.49892328398384,-1.160939526467376,-0.24883595251647106
"Suarez, Ranger",2502.0,2.146010000000001,5.802003,6.229472,84.61586500000001,-2.3425300092338497,0.5277609849311091
"Suarez, Robert",1123.0,-1.239359719438878,6.160594188376754,6.817970941883767,96.65322945891783,2.258774388388538,0.43322785102274364
"Sugano, Tomoyuki",2565.0,-2.394424,5.994613,6.22812,87.736526,-0.0938370693365609,0.1895956653828143
"Sulser, Cole",304.0,-1.6318598726114653,5.760541401273885,6.576350318471338,88.51036305732485,-0.028370911376820088,-0.41063071908154125
"Suter, Brent",1116.0,3.3088509999999998,6.08645,7.375974999999999,84.26085499999999,-1.8941401256589083,-0.32112976893229717
"Svanson, Matt",951.0,-1.5903049645390068,5.711896656534954,6.589407294832827,92.64641945288753,0.9779749859766779,-0.23995309062418568
"Sánchez, Cristopher",3084.0,1.9665370000000002,5.914776,6.987959,90.39407600000001,-0.29375165454472274,0.05118171310499383
"Taillon, Jameson",2114.0,-1.2325160000000002,6.150647,6.717766999999999,86.854581,-0.2673797217490257,-0.04784295640737802
"Taylor, Grant",572.0,-0.645001067235859,5.853082177161153,7.356833511205976,94.96439167556031,1.8421378026454152,-0.6952957585762186
"Teng, Kai-Wei",364.0,-2.2484371069182387,5.4211352201257865,6.302462264150943,87.86881761006289,-0.35803959919675854,-0.7097283221676061
"Thielbar, Caleb",880.0,0.088084,6.1444399999999995,6.220523,85.84403999999999,-1.2413172291250953,0.7471503750584452
"Thompson, Ryan",598.0,-3.9742152173913046,3.6297173913043475,6.774671739130435,84.49723695652175,-1.3201709412970644,-4.442255882298672
"Thornton, Trent",610.0,-2.3740645161290326,5.425605376344087,6.121570967741935,87.80522903225807,-0.45023087009589613,-0.5004918500333523
"Tolle, Payton",202.0,2.905,5.569,7.533,96.683,1.1681866730583321,-0.5955976334024221
"Tong, Jonah",315.0,-2.3505759717314483,5.870326266195525,6.826012956419317,92.17486336866904,1.3242174194680065,-0.47204253344591085
"Tonkin, Michael",329.0,-3.667559178743961,5.311886473429952,6.02162077294686,89.76711714975846,0.30647404919970045,-0.6524275537038025
"Topa, Justin",979.0,-2.483383383383383,4.987339339339339,5.766864864864865,89.18959559559559,-0.5290848232485464,-0.6284132943215113
"Treinen, Blake",446.0,-2.858573490813648,6.245024934383203,5.5937965879265095,88.91945538057745,0.06544903333654498,1.3479593581318614
"Trivino III, Lou",831.0,-1.2824569402228976,6.070801418439717,6.3812370820668685,89.9390425531915,0.2617090409083874,0.4395661480281259
"Uceta, Edwin",1158.0,-1.6673857442348008,4.536858490566037,6.196497903563942,90.93799475890987,-0.29687874990179675,-1.579735295583908
"Ureña, José",808.0,-2.6632450867052024,5.670557225433527,6.226032369942196,91.4963063583815,0.757266229300516,-0.1019159027323392
"Uribe, Abner",1225.0,-1.199663942798774,5.86917364657814,6.434404494382021,93.1918682328907,0.9798645883320841,0.28933906844548096
"Valdez, Framber",2795.0,0.7515718717683557,5.987715615305067,5.876046535677352,88.3477197518097,-1.117951678973021,1.2243125036146205
"Vargas, Carlos",1159.0,-2.6841737288135596,5.786776483050847,6.667983050847457,96.03562076271187,2.2460793112561084,-0.21959182360624607
"Varland, Louis",1063.0,-2.9166396063960645,5.504779827798279,6.9489889298893,93.60213653136532,1.7392451652053642,-1.1772391118690648
"Vasil, Mike",1556.0,-1.5696666666666668,5.902790476190476,6.243268783068783,89.58831957671957,0.08325737683925973,0.2957388576450918
"Veneziano, Anthony",391.0,2.071981549815498,6.180854858548586,6.014258302583027,88.19662607626077,-1.362843546672981,1.55873632449006
"Verlander, Justin",2598.0,-1.8344658634538156,7.09977610441767,6.013270080321287,88.22728614457831,0.3027870122488829,2.208868514895334
"Vesia, Alex",997.0,0.24013020277481323,6.022702241195304,6.2791376734258275,89.63845037353255,-0.362879272473356,0.7521868275969501
"Vest, Will",1135.0,-1.9484051724137932,5.6518922413793105,6.367812499999999,94.50672952586207,1.3775944699332656,0.001661076688118397
"Vodnik, Victor",869.0,-2.016679365079365,5.326804232804233,6.7131608465608466,95.28948888888888,1.6457216333266056,-0.8760106083412627
"Vásquez, Randy",2102.0,-1.87111054247697,5.962526100307061,6.142275332650971,88.99156294779935,-0.009104470736722074,0.4209526119357474
"Wacha, Michael",2665.0,-1.4613280000000002,6.518666,6.696123,86.599524,-0.08300438210283659,0.4618213735657842
"Waddell, Brandon",348.0,2.6994470588235298,6.003060294117648,6.114492647058824,86.67008823529412,-1.9629667687817447,1.1910975676904314
"Waldrep, Hurston",839.0,-0.8183562628336756,6.214603696098563,6.323790554414786,89.41749691991788,0.029936597594557253,0.7740155222138487
"Walker, Ryan",1012.0,-3.253253521126761,5.030886317907444,6.403041247484909,91.44072334004024,0.6988557062590659,-1.370970202212935
"Walker, Taijuan",2079.0,-1.8527350000000002,6.4932170000000005,5.961755000000001,87.46836700000001,-0.23358683541574046,1.3370316228184378
"Walter, Brandon",814.0,2.287557,5.503452,6.5884990000000005,86.022384,-1.9585777104534052,-0.25305439145938935
"Warren, Will",2886.0,-2.4971450000000006,5.548371000000001,6.709042000000001,89.577939,0.47344924808204775,-0.9789332581778707
"Weathers, Ryan",599.0,3.041171489817792,5.7297320471596995,5.941468381564844,91.23518971061092,-1.1772996941513734,1.3481621826134182
"Weaver, Luke",945.0,-1.521097643097643,5.583557800224466,6.086679012345678,92.78614478114476,0.6011551932605347,0.22947628252881244
"Webb, Jacob",978.0,-2.8111938061938058,5.558466533466532,6.382506493506493,88.04252847152847,-0.021474358328422295,-0.7000601148945292
"Webb, Logan",3282.0,-1.979684,4.990586,6.799655,88.890883,-0.0890863670328262,-1.859243038574725
"Weissert, Greg",940.0,-2.2562632183908042,4.995994252873563,5.913445977011493,91.56458735632184,0.09632995011875901,-0.616617774288598
"Wentz, Joey",1752.0,0.8364606625258799,6.260833333333332,7.070841614906831,87.93606107660455,-0.33414483690387065,0.10169552780175037
"Wesneski, Hayden",311.0,-1.5910196078431371,5.953166666666666,6.839186274509804,89.61149999999999,0.5055032597191119,-0.38733037457286407
"Wheeler, Zack",2394.0,-2.0653176823176826,5.162586413586413,7.182023976023977,91.51751548451549,0.9310662352528762,-1.947475342304253
"Whisenhunt, Carson",347.0,2.18475205640423,6.252430082256169,6.678081081081081,87.57082608695653,-1.0886859711622578,0.8053102077478889
"Whitlock, Garrett",1214.0,-1.4485288169868558,5.778438827098079,7.269324570273003,89.89436501516684,0.7185303845157979,-1.1449601623946997
"Williams, Devin",1180.0,-2.4378256513026053,5.259807615230461,7.343761523046092,88.71361322645289,0.49603980203137255,-2.246624178792305
"Williams, Gavin",2923.0,-2.838347347347347,6.006195195195196,6.8606376376376375,90.65149249249248,1.1831230996430648,-0.4966003835254044
"Williams, Trevor",1448.0,-2.438048,4.947186000000001,6.887899000000001,83.203558,-1.3416816623393866,-2.4614671675627
"Wilson, Bryse",854.0,-2.566558,5.809015,6.481335,88.181658,0.13495732330682375,-0.4063312079115726
"Wilson, Justin",797.0,1.1903105263157896,6.377556842105264,6.137256842105264,91.70398947368422,-0.03643149878373741,1.7462342717761523
"Wilson, Steven",893.0,-2.3171014176663034,5.884045801526717,6.57548854961832,86.37753762268265,-0.29201642920219345,-0.4806209340966118
"Winn, Cole",538.0,-1.704052934407365,5.454752589182969,6.83432336018412,92.67436133486767,1.041772238516082,-0.9449708809853807
"Wolfram, Grant",339.0,2.1451104294478527,6.205039877300613,6.275604294478528,92.51759202453987,-0.12162237873668874,1.538549233253686
"Woo, Bryan",2780.0,-1.403796,5.026626,6.512341,93.45502400000001,0.7148033187460964,-1.062941990591279
"Woodford, Jake",563.0,-2.1869855875831483,5.046368070953435,6.544089800443459,88.74147671840355,-0.19929699361163275,-1.5001748605913023
"Woodruff, Brandon",916.0,-1.4096747368421052,5.95238,6.473328421052632,90.64868421052631,0.47482134425182515,0.17000227190184267
"Woods Richardson, Simeon",1798.0,-1.2328601252609603,6.4131336116910225,6.7050563674321495,88.18748643006263,0.19629289840404085,0.43323272367489163
"Wrobleski, Justin",1019.0,2.2166463276836157,5.457188700564972,5.542386440677965,92.97714463276836,-0.8928081755068894,1.4128915955074772
"Yamamoto, Yoshinobu",3118.0,-1.8414691358024693,5.437721193415638,6.500102880658437,90.22654320987655,0.24594369765705806,-0.7198813597020635
"Yarbrough, Ryan",1017.0,3.2543502994011972,5.037281437125748,6.193783433133732,81.3707265469062,-3.913671487520748,-0.5451906493072474
"Yates, Kirby",741.0,-2.5294749999999997,5.147225,6.103275,89.828375,-0.054698380543180804,-0.7897553124579128
"Yesavage, Trey",658.0,-0.49863,7.108984,6.153696,89.607562,0.3416376958751043,2.366974692482246
"Young, Brandon",726.0,-0.7045725388601036,6.02192616580311,6.591617875647668,88.67105958549223,-0.12011269288251022,0.12800263781166185
"Zastryzny, Rob",269.0,1.9669174193548387,5.661332903225806,6.6269470967741935,89.50439354838709,-0.8822045050167665,0.08334976542557081
"Zeferjahn, Ryan",998.0,-1.9651628865979378,5.888199999999999,6.4928402061855675,90.62010927835053,0.6137168703417233,-0.04960001899047754
"Zerpa, Angel",1059.0,2.753581516095535,5.3268743509865,5.530871235721702,92.73005088265835,-1.192188630714325,1.3176743470645136
"deGrom, Jacob",2614.0,-1.3795060000000001,5.492842,6.725998,93.106719,1.0026641918520263,-0.6678773041397595
